question,option_a,option_b,option_c,option_d,correct_answer,explanation,evidence,page_number,chunk_id,difficulty,bloom_level
"Câu thơ 'Dân ta phải biết sử ta, Cho tường gốc tích nước nhà Việt Nam' thể hiện ý nghĩa gì?",Cho dân tộc biết về các nguồn sử liệu,Để dân tộc học hỏi từ quá khứ,Phân biệt các loại tư liệu sử,Giúp dân tộc hiểu rõ lịch sử bản thân,D,Câu thơ nhấn mạnh tầm quan trọng của việc hiểu rõ lịch sử bản thân.,"'Dân ta phải biết sử ta, Cho tường gốc tích nước nhà Việt Nam'. (Lịch sử nước ta, Hồ Chí Minh)",6,page_006_01,easy,remember
Hình 1.2 minh họa về lễ hội Đền Hai Bà Trưng nhằm ghi nhớ sự kiện nào?,Lễ kỷ niệm chiến thắng quân Hán,Hình ảnh về cuộc sống hàng ngày của người dân xưa,Lễ hội tưởng niệm ngày thành lập nước Việt Nam,"Tuồng nhớ cuộc khởi nghĩa của Trung Trắc, Trung Nhị",D,"Hình 1.2 minh họa về lễ hội Đền Hai Bà Trưng, tuồng nhớ Trung Trắc, Trung Nhị dựng cờ khởi nghĩa lật đổ ách đô hộ của nhà Hán (40 – 43).","Hình 1.2. Lễ hội Đền Hai Bà Trưng (Mê Linh, Hà Nội), tuồng nhớ Trung Trắc, Trung Nhị dựng cờ khởi nghĩa lật đổ ách đô hộ của nhà Hán (40 – 43)",6,page_006_01,medium,remember
Lịch sử loài người bao gồm những gì?,Các sự kiện thiên nhiên,Phân tích hiện tượng vũ trụ,Điều tra về động vật hoang dã,Những hoạt động của con người trong quá khứ,D,"Lịch sử loài người bao gồm toàn bộ những hoạt động của con người trong quá khứ, như được nêu rõ ở đoạn văn.",Lịch sử loài người là toàn bộ những hoạt động của con người trong quá khứ.,7,page_007_01,easy,remember
Môn Lịch sử là môn học gì?,Môn học tìm hiểu về lịch sử loài người,Môn nghệ thuật,Môn khoa học tự nhiên,Môn thể thao,A,"Môn Lịch sử là môn học tìm hiểu về lịch sử loài người và những hoạt động chính của con người trong quá khứ, như được nêu rõ ở đoạn văn.",Môn Lịch sử là môn học tìm hiểu về lịch sử loài người và những hoạt động chính của con người trong quá khứ.,7,page_007_01,easy,remember
Tại sao cần phải học lịch sử?,Để làm giàu,Để chơi game,Để nấu ăn,Để biết về quá khứ,D,"Học lịch sử giúp con người hiểu rõ hơn về quá khứ, từ đó rút ra kinh nghiệm và tránh lặp lại sai lầm trong tương lai.","Mỗi con người, sự vật, vùng đất, quốc gia hay thế giới đều trải qua những thay đổi theo thời gian, chủ yếu là do con người tạo nên.",7,page_007_01,medium,understand
Cầu Long Biên được xây dựng vào khoảng thời gian nào?,Năm 2009 - 2015,Năm 1960 - 1970,Năm 40 - 43,Năm 1898 - 1902,D,"Theo thông tin trong đoạn văn, cầu Long Biên được xây dựng từ năm 1898 đến năm 1902.","Hình 1.5. Cầu Long Biên, Hà Nội (xây dựng từ năm 1898 đến năm 1902)",7,page_007_01,hard,apply
Sự kiện trong Hình 1.7 đánh dấu bước ngoặt lịch sử nào của dân tộc Việt Nam?,Tuyên bố độc lập năm 1954,Độc lập năm 1945,Thành lập nước Việt Nam Dân chủ Cộng hòa,Kỷ niệm 70 năm chiến thắng Mỹ,C,"Hình 1.7 mô tả Chủ tịch Hồ Chí Minh đọc bản Tuyên ngôn Độc lập, thành lập nước Việt Nam Dân chủ Cộng hòa.","Chủ tịch Hồ Chí Minh đọc bản Tuyên ngôn Độc lập tại Quảng trường Ba Đình, Hà Nội (2-9-1945), thành lập nước Việt Nam Dân chủ Cộng hoà",8,page_008_01,easy,remember
"Trong các hình minh họa từ 1.3 đến 1.6, kỹ thuật canh tác nông nghiệp của người nông dân Việt Nam đã có sự thay đổi như thế nào?",Từ canh tác nhỏ lẻ sang canh tác tập trung,Từ canh tác đơn giản sang phức tạp,Từ canh tác thủ công sang sử dụng máy móc,Không có sự thay đổi đáng kể,D,"Đoạn văn không đề cập cụ thể về sự thay đổi trong kỹ thuật canh tác nông nghiệp, nên chọn đáp án không có sự thay đổi đáng kể là phù hợp.","Học lịch sử để biết được cội nguồn của tổ tiên, quê hương, đất nước; hiểu được tổ tiên, ông cha đã sống, lao động, đấu tranh như thế nào để có được đất nước như ngày nay",8,page_008_01,hard,analyze
Hệ thống giao thông ở Hà Nội trong Hình 1.7 có sự thay đổi so với trước đây không?,Không có thay đổi,Thay đổi từ đường thủy sang đường bộ,Thay đổi từ đường bộ sang đường sắt,Thay đổi từ đường bộ sang đường thủy,A,"Đoạn văn không đề cập đến sự thay đổi trong hệ thống giao thông ở Hà Nội, nên chọn đáp án không có thay đổi là phù hợp.","Học lịch sử để biết được cội nguồn của tổ tiên, quê hương, đất nước; hiểu được tổ tiên, ông cha đã sống, lao động, đấu tranh như thế nào để có được đất nước như ngày nay",8,page_008_01,easy,remember
Loại tư liệu lịch sử được thể hiện trong hình 1.12 là gì?,Tư liệu vật chất,Tư liệu âm thanh,Tư liệu văn bản,Tư liệu đồ họa,A,"Hình 1.12 là bìa chủ quyền quấn đảo Trường Sa, một tư liệu vật chất.","<center>Hình 1.12. Bìa chủ quyền quấn đảo Trường Sa tại đảo Nam Yết (Khánh Hoà, Việt Nam), được công nhận là Di tích lịch sử quốc gia vào năm 2014</center>",10,page_010_01,easy,remember
"Theo đoạn trích của Hồ Chí Minh, việc học lịch sử giúp dân ta biết gì?",Tổ tiên và những người tài giỏi trong lịch sử Việt Nam,Văn hóa địa phương,Kỹ năng lãnh đạo,Lịch sử thế giới,A,"Theo đoạn trích, việc học lịch sử giúp dân ta biết về tổ tiên và những người tài giỏi đã đánh Bắc đẹp Nam, yên dân trị nước.","""Dân ta phải biết sử ta. Sử ta dạy cho ta những chuyện về vang của tổ tiên ta. Dân tộc ta là con Rồng cháu Tiên, có nhiều người tài giỏi đánh Bắc đẹp Nam, yên dân trị nước, tiếng để muôn đời"" (Nên học sử ta, Hồ Chí Minh)",10,page_010_01,medium,understand
"Để dựng lại lịch sử, chúng ta căn cứ vào những gì?",Tư liệu âm thanh,Tư liệu vật chất và tư liệu văn bản,Tư liệu đồ họa,Tư liệu văn bản,B,"CONTEXT không đề cập cụ thể, nhưng thông thường chúng ta căn cứ vào cả tư liệu vật chất và tư liệu văn bản.",Căn cứ vào đâu để biết và dựng lại lịch sử?,10,page_010_01,medium,apply
"Theo đoạn trích, học lịch sử có ý nghĩa như thế nào đối với dân tộc Việt Nam?",Nâng cao kiến thức khoa học,Xây dựng lòng tự hào dân tộc,Giúp hiểu về văn hóa địa phương,Tăng cường kỹ năng lãnh đạo,B,"Theo đoạn trích, học lịch sử giúp dân ta biết về tổ tiên và những người tài giỏi đã đóng góp cho đất nước.","""Dân ta phải biết sử ta. Sử ta dạy cho ta những chuyện về vang của tổ tiên ta""",10,page_010_01,hard,analyze
"Theo đoạn trích, năm nào là thời điểm vua dời kinh đô từ Hoa Lư sang Đại La?",1288,1009,938,1010,D,Năm 1010 là thời điểm vua dời kinh đô từ Hoa Lư sang Đại La.,"Mùa thu, tháng 7, vua dời kinh đô từ thành Hoa Lư sang kinh đô lớn là Đại La của Kinh phủ. Thuyền tạm đỗ ở dưới thành, có rồng vàng hiện ra ở thuyền ngự, vì thế gọi là thành Thăng Long.",11,page_011_01,easy,remember
"Theo thông tin trong đoạn văn, số lượng tháng trong một năm theo âm lịch được tính dựa trên chuyển động của gì?",Trái Đất quanh Mặt Trời,Mặt Trăng quanh Trái Đất,Mặt Trình quanh Mặt Trời,Trái Đất quanh Mặt Trình,B,"Theo đoạn văn, 'Mặt Trăng chuyển động một vòng quanh Trái Đất được tính là một tháng'.",Mặt Trăng chuyển động một vòng quanh Trái Đất được tính là một tháng.,12,page_012_01,easy,remember
"Theo thông tin trong đoạn văn, năm Công nguyên bắt đầu từ năm nào?",Năm người sáng lập đạo Ki-tô ra đời,Năm Chúa Giê-su ra đời,Năm Mặt Trăng quanh Trái Đất một lần,Năm Trái Đất quanh Mặt Trời một lần,B,"Theo đoạn văn, 'Công lịch lấy năm tương truyền Chúa Giê-su (người sáng lập đạo Ki-tô) ra đời là năm đầu tiên của Công nguyên'.",Công lịch lấy năm tương truyền Chúa Giê-su (người sáng lập đạo Ki-tô) ra đời là năm đầu tiên của Công nguyên.,12,page_012_01,medium,remember
"Theo sơ đồ hình 2.3, khái niệm nào được sử dụng để chỉ thời kỳ trước năm 0?",Công nguyên,Thế kỉ,Thập kỉ,Trước Công nguyên,D,Khái niệm 'Trước Công nguyên' được sử dụng để chỉ thời kỳ trước năm 0.,"Dựa vào sơ đồ hình 2.3, hãy giải thích khái niệm trước Công nguyên và Công nguyên.",13,page_013_01,medium,understand
"Theo thông tin trong CONTEXT, Tết Nguyên đán của người Việt Nam thường diễn ra vào thời điểm nào?",Tháng 12 dương lịch,Tháng 7 âm lịch,Tháng Giêng âm lịch,Tháng 3 dương lịch,C,Tết Nguyên đán của người Việt Nam thường diễn ra vào tháng Giêng âm lịch.,Tết Nguyên đán là dịp đoàn tụ những người thân trong gia đình của người Việt Nam. Hình 2.5. Hoa đào và hoa mai – những loài hoa đặc trưng trong dịp Tết Nguyên đán của người Việt Nam,13,page_013_01,easy,remember
Năm nào các nhà khảo cổ học đã phát hiện dấu chân người ở La-e-tô-li?,1998,1988,1978,1968,C,"Năm 1978, các nhà khảo cổ học đã phát hiện tại La-e-tô-li của Tan-da-ni-a (thuộc Đông Phi) các dấu chân người để lại trên tro bụi của núi lửa, có niên đại khoảng 3,7 triệu năm.","Năm 1978, các nhà khảo cổ học đã phát hiện tại La-e-tô-li của Tan-da-ni-a (thuộc Đông Phi) các dấu chân người để lại trên tro bụi của núi lửa, có niên đại khoảng 3,7 triệu năm.",14,page_014_01,easy,remember
Thể tích hộp sọ trung bình của Người tối cổ nằm trong khoảng nào?,400 cm³ - 650 cm³,650 cm³ - 1200 cm³,1200 cm³ - 1400 cm³,1400 cm³ - 1600 cm³,B,Thể tích hộp sọ trung bình của Người tối cổ nằm trong khoảng từ 650 cm³ đến 1200 cm³.,- Thể tích hộp sọ trung bình: từ 650 cm³ đến 1 200 cm³.,14,page_014_01,easy,remember
"Theo văn bản, khoảng thời gian nào con người đã hoàn toàn di chuyển bằng hai chân?",5 - 6 triệu năm trước,150 000 năm trước,250 000 năm trước,4 triệu năm trước,D,Con người đã hoàn toàn di chuyển bằng hai chân khoảng 4 triệu năm trước.,- Hoàn toàn di chuyển bằng hai chân. - Thể tích hộp sọ trung bình: từ 650 cm³ đến 1 200 cm³.,14,page_014_01,medium,remember
"Theo thông tin trong CONTEXT, năm nào các nhà khảo cổ học chứng minh bộ xương phục chế “Người Nê-an-đéc-tan” là hoá thạch của người nguyên thuỷ?",1856,1986,1886,1956,D,"Ba mươi năm sau khi giáo viên địa phương tìm thấy mẫu xương, các nhà khảo cổ học mới chứng minh đây là hoá thạch của người nguyên thuỷ.","Ba mươi năm sau, các nhà khảo cổ học mới chứng minh đây là hoá thạch của người nguyên thuỷ có niên đại khoảng 100 000 năm trước và đặt tên là “Người Nê-an-đéc-tan”.",15,page_015_01,medium,remember
"Theo CONTEXT, tại đâu các nhà khảo cổ học phát hiện bộ xương hoá thạch của một người phụ nữ có niên đại khoảng 3,2 triệu năm trước?",In-đô-nê-xi-a,Ma-lay-xi-a,Ê-ti-ô-pi-a,Đức,C,"Năm 1974, tại Ê-ti-ô-pi-a (thuộc Đông Phi), các nhà khảo cổ học đã phát hiện khoảng 40 % bộ xương hoá thạch của một người phụ nữ, có niên đại khoảng 3,2 triệu năm trước và đặt tên là “Cô gái Lu-cy”.","Năm 1974, tại Ê-ti-ô-pi-a (thuộc Đông Phi), các nhà khảo cổ học đã phát hiện khoảng 40 % bộ xương hoá thạch của một người phụ nữ, có niên đại khoảng 3,2 triệu năm trước và đặt tên là “Cô gái Lu-cy”.",15,page_015_01,easy,remember
"Theo thông tin trong CONTEXT, ở đâu các nhà khảo cổ học đã phát hiện được một số mẫu xương hoá thạch của Người tối cổ có niên đại khoảng 2 triệu năm trước?",In-đô-nê-xi-a,Ma-lay-xi-a,Đức,Ê-ti-ô-pi-a,A,"Cuối thế kỉ XIX, trên đảo Gia-va (In-đô-nê-xi-a), các nhà khảo cổ học đã phát hiện được một số mẫu xương hoá thạch của Người tối cổ có niên đại khoảng 2 triệu năm trước và đặt tên là “Người Gia-va”.","Cuối thế kỉ XIX, trên đảo Gia-va (In-đô-nê-xi-a), các nhà khảo cổ học đã phát hiện được một số mẫu xương hoá thạch của Người tối cổ có niên đại khoảng 2 triệu năm trước và đặt tên là “Người Gia-va”.",15,page_015_01,medium,remember
"Theo CONTEXT, tại Ê-ti-ô-pi-a (thuộc Đông Phi) các nhà khảo cổ học đã phát hiện bộ xương hoá thạch của một người phụ nữ có tên gọi gì?",Người Gia-va,Người Nê-an-đéc-tan,Cô gái Lu-cy,Người tối cổ,C,"Năm 1974, tại Ê-ti-ô-pi-a (thuộc Đông Phi), các nhà khảo cổ học đã phát hiện khoảng 40 % bộ xương hoá thạch của một người phụ nữ, có niên đại khoảng 3,2 triệu năm trước và đặt tên là “Cô gái Lu-cy”.","Năm 1974, tại Ê-ti-ô-pi-a (thuộc Đông Phi), các nhà khảo cổ học đã phát hiện khoảng 40 % bộ xương hoá thạch của một người phụ nữ, có niên đại khoảng 3,2 triệu năm trước và đặt tên là “Cô gái Lu-cy”.",15,page_015_01,easy,remember
"Trong số các di chỉ đỏ đá được đề cập, nơi nào nằm ở Việt Nam?","Thăm Khuyên, Thăm Hai","An Khê, Núi Đọ, Xuân Lộc",Sa-ráo (Malaysia),An Niát (Myanmar),B,"Trong CONTEXT, An Khê, Núi Đọ, Xuân Lộc được ghi rõ là ở Việt Nam.","An Khê, Núi Đọ, Xuân Lộc (Việt Nam)",15,page_015_02,easy,remember
"Theo thông tin trong đoạn văn, khoảng thời gian sớm nhất mà dấu tích của Người tối cổ được phát hiện tại Việt Nam là?",500.000 năm trước,1.000.000 năm trước,800.000 năm trước,300.000 năm trước,C,Đoạn văn nêu rõ khoảng thời gian sớm nhất là 800.000 năm trước.,Những dấu tích của Người tối cổ được phát hiện có niên đại sớm nhất từ khoảng 800.000 năm trước.,16,page_016_01,easy,remember
"Theo hình 3.4, phạm vi phân bố các dấu tích của Người tối cổ ở Việt Nam chủ yếu tập trung ở khu vực nào?",Trung Bộ,Tây Nguyên,Đông Bắc Bộ,Nam Bộ,C,Hình 3.4 cho thấy các di chỉ khảo cổ tập trung chủ yếu ở khu vực Đông Bắc Bộ.,"Quan sát lược đồ hình 3.4, hãy: – Nêu một số dấu tích của Người tối cổ ở Việt Nam. – Nhận xét về phạm vi phân bố của các dấu tích Người tối cổ ở Việt Nam.",16,page_016_01,medium,remember
"Theo thông tin trong đoạn văn, người tối cổ ở Việt Nam để lại những dấu tích như thế nào?",Thành phố lớn,Các công cụ lao động,Những ngôi nhà bằng gạch,Đền đài cổ,B,"Thông tin trong đoạn văn chỉ ra rằng dấu tích của Người tối cổ ở Việt Nam là các di chỉ khảo cổ, có thể bao gồm các công cụ lao động.","Tại Việt Nam, những dấu tích của Người tối cổ được phát hiện có niên đại sớm nhất từ khoảng 800.000 năm trước.",16,page_016_01,easy,remember
"Theo thông tin trong CONTEXT, khu vực Đông Nam Á được coi là nơi con người xuất hiện từ sớm dựa trên căn cứ nào?",Những bằng chứng khảo cổ về việc sử dụng lửa,Các công cụ đá được phát hiện ở đây,Tập quán săn bắn và thuần dưỡng động vật,Thành phố cổ nhất được tìm thấy,B,"CONTEXT đề cập đến các công cụ đá như rìu, không đề cập đến việc sử dụng lửa, săn bắn hay thành phố cổ.","Lấy chủ đề về những chiếc rìu đá đầu tiên của nhân loại (hình 3.5 và hình 3.6), hãy phát biểu cảm nghĩ của em về óc sáng tạo, tinh thần lao động cần mẫn, kiên trì của Người tối cổ.",17,page_017_01,medium,understand
"Theo CONTEXT, khu vực Đông Nam Á được coi là nơi con người xuất hiện từ sớm dựa trên việc phát hiện ra công cụ đá nào ở Việt Nam?",Rìu đá Java,Rìu đá A-sơ-lin,Rìu đá Sumatra,Rìu đá An Khê,D,"CONTEXT chỉ đề cập đến rìu đá An Khê ở Việt Nam, không có thông tin về các loại rìu đá khác.","Hình 3.6. Rìu đá An Khê (Việt Nam, khoảng 800.000 năm trước)",17,page_017_01,easy,remember
"Theo sơ đồ hình 4.2, giai đoạn nào được mô tả là có tổ chức xã hội đơn giản nhất?",Giai đoạn bảy người nguyên thủy,Giai đoạn văn minh,Giai đoạn thị tộc,Giai đoạn bộ lạc,A,"Sơ đồ hình 4.2 chỉ ra rằng giai đoạn bảy người nguyên thủy có tổ chức xã hội đơn giản nhất, không có phân chia cụ thể.","Trong hàng triệu năm tồn tại và phát triển, người nguyên thủy đã tổ chức xã hội của mình từ giai đoạn bảy người nguyên thủy chuyển lên giai đoạn thị tộc, bộ lạc.",18,page_018_01,easy,remember
"Theo thông tin trong CONTEXT, Maria phát hiện bích họa động vật ở đâu?",Hang Antamira,Hang Sơn Đoòng,Hang Phong Nha,Hang Son Doong,A,"Trong lúc vui chơi, Maria đã phát hiện một bích họa rất lớn về những động vật hoang dã ở hang Antamira.","Năm 1879, có bé Maria theo bố của mình đi thu thập những hóa thạch ở hang Antamira (Tây Ban Nha). Trong lúc vui chơi, có bé đã phát hiện một bích họa rất lớn về những động vật hoang dã, tựa như đang phi nhanh về phía mình.",18,page_018_01,easy,remember
"Theo CONTEXT, bích họa trong hang Antamira được chứng minh có niên đại từ khoảng bao lâu?",5000 - 7000 năm trước,18 000 - 20 000 năm trước,22 000 - 13 000 năm trước,10 000 - 15 000 năm trước,C,Các nhà khảo cổ học đã chứng minh những bích họa này có niên đại từ khoảng 22 000 đến 13 000 năm trước.,"Trong lúc vui chơi, có bé đã phát hiện một bích họa rất lớn về những động vật hoang dã, tựa như đang phi nhanh về phía mình. Về sau, các nhà khảo cổ học đã chứng minh những bích họa này có niên đại từ khoảng 22 000 đến 13 000 năm trước.",18,page_018_01,medium,remember
Đời sống vật chất của người nguyên thuỷ thể hiện trên những phương diện chính nào?,"Trang phục, địa bàn cư trú và đồ dùng hàng ngày","Địa bàn cư trú, công cụ lao động và hình thức tổ chức xã hội","Công cụ lao động, cách thức lao động và trang phục","Công cụ lao động, cách thức lao động và địa bàn cư trú",D,"Trong CONTEXT có nêu: 'Ban đầu, người nguyên thuỷ đã biết dùng lửa và tạo ra lửa, biết chế tác và cải tiến công cụ lao động. Về sau, đời sống của người nguyên thuỷ có những chuyển biến lớn trong cách thức lao động, địa bàn cư trú và trang phục,...'","Ban đầu, người nguyên thuỷ đã biết dùng lửa và tạo ra lửa, biết chế tác và cải tiến công cụ lao động. Về sau, đời sống của người nguyên thuỷ có những chuyển biến lớn trong cách thức lao động, địa bàn cư trú và trang phục,...",19,page_019_01,medium,remember
"Công cụ lao động, cách thức lao động, địa bàn cư trú của Người tinh khôn có gì khác so với Người tối cổ?",Người tối cổ chỉ sử dụng công cụ bằng đá,"Người tinh khôn đã biết chăn nuôi gia súc, còn Người tối cổ chưa có",Người tối cổ chủ yếu sống trong hang động,Người tinh khôn đã biết săn bắt và trồng trọt,B,"Trong CONTEXT có nêu: 'Đời sống của người nguyên thuỷ có những chuyển biến lớn trong cách thức lao động, địa bàn cư trú và trang phục,...'","Về sau, đời sống của người nguyên thuỷ có những chuyển biến lớn trong cách thức lao động, địa bàn cư trú và trang phục,...",19,page_019_01,hard,analyze
Người nguyên thuỷ đã biết dùng lửa và tạo ra lửa vào giai đoạn nào?,Khi họ trở thành Người tinh khôn,Ban đầu,Sau khi họ biết chế tác công cụ lao động,Trước khi họ di cư đến các vùng đất mới,B,"CONTEXT nêu: 'Ban đầu, người nguyên thuỷ đã biết dùng lửa và tạo ra lửa, biết chế tác và cải tiến công cụ lao động.'","Ban đầu, người nguyên thuỷ đã biết dùng lửa và tạo ra lửa, biết chế tác và cải tiến công cụ lao động.",19,page_019_01,easy,remember
"Theo đoạn văn, quan niệm về mọi vật đều có linh hồn và sùng bái ‘vật tổ’ là nét đặc trưng trong đời sống tâm linh của người nguyên thuỷ được thể hiện như thế nào?",Qua việc thờ cúng các hình tượng thiên nhiên,Qua việc chôn cất người chết,Qua việc xây dựng nhà thờ,Qua việc vẽ tranh tường,A,"Đời sống tâm linh của người nguyên thuỷ thể hiện qua nhiều cách, trong đó quan niệm mọi vật đều có linh hồn và sùng bái ‘vật tổ’ được thể hiện qua việc thờ cúng các hình tượng thiên nhiên.","Người nguyên thuỷ đã có đời sống tinh thần phong phú, trong đó nổi bật là đời sống tâm linh và nghệ thuật. Quan niệm mọi vật đều có linh hồn và sùng bái “vật tổ” là nét đặc trưng trong đời sống tâm linh của người nguyên thuỷ.",20,page_020_01,easy,remember
"Theo đoạn văn, hiện tượng chôn cất người chết mang ý niệm về việc ‘kết nối với thế giới bên kia’ bắt đầu phổ biến vào thời điểm nào?",Cuối thời nguyên thuỷ,Khi xã hội chuyển sang thời kỳ đồ đá mới,Khi con người biết trồng trọt,Trong thời kỳ đồ đồng,A,"Theo đoạn văn, hiện tượng chôn cất người chết mang ý niệm về việc ‘kết nối với thế giới bên kia’ trở nên phổ biến ở nhiều nơi vào cuối thời nguyên thuỷ.","Cuối thời nguyên thuỷ, hiện tượng chôn cất người chết mang ý niệm về việc “kết nối với thế giới bên kia” trở nên phổ biến ở nhiều nơi.",20,page_020_01,medium,remember
"Trong đời sống nghệ thuật của người nguyên thuỷ, loại hình nào được đề cập đến trong đoạn văn?",Tranh dệt,Đồ trang sức bằng xương,Nhạc cụ,Hình khắc,B,"Theo đoạn văn, người nguyên thuỷ để lại những dấu vết phong phú và đặc sắc trong đời sống nghệ thuật, trong đó đề cập đến đồ trang sức bằng xương đà điếu.","Người nguyên thuỷ còn để lại những dấu vết phong phú và đặc sắc trong đời sống nghệ thuật. Hình 4.10. Đồ trang sức bằng xương đà điếu (Nga, khoảng 50 000 năm trước)",20,page_020_01,easy,remember
"Theo đoạn văn, người nguyên thuỷ để lại những dấu vết trong đời sống nghệ thuật như thế nào?",Bằng cách viết văn bản,Bằng cách đúc tượng bằng đất nung,Bằng cách vẽ tranh tường,Bằng cách làm đồ trang sức và sao bằng xương chim,D,"Theo đoạn văn, người nguyên thuỷ để lại những dấu vết trong đời sống nghệ thuật qua việc làm đồ trang sức bằng xương đà điếu và sao bằng xương chim.","Người nguyên thuỷ còn để lại những dấu vết phong phú và đặc sắc trong đời sống nghệ thuật. Hình 4.10. Đồ trang sức bằng xương đà điếu (Nga, khoảng 50 000 năm trước) Hình 4.11. Sao bằng xương chim (Đúc, khoảng 40 000 năm trước)",20,page_020_01,medium,remember
"Theo đoạn văn, người nguyên thủy đã biết làm gì để nâng cao đời sống vật chất?",Xây dựng nhà cửa kiên cố,Sáng tạo công cụ đá và trồng trọt,Chế tác công cụ kim loại,Thiết kế thuyền bè,B,"Đoạn văn đề cập đến việc người nguyên thủy đã chế tác công cụ đá và sáng tạo thêm nhiều công cụ, vật dụng mới. Đặc biệt, từ Văn hoá Hòa Bình, họ biết trồng trọt.","Đặc biệt, từ Văn hoá Hoà Bình, dấu tích nền nông nghiệp sơ khai xuất hiện. Người tinh khôn đã biết trồng trọt và chăn nuôi gia súc, quần tụ thành các thị tộc, bộ lạc với địa bàn cư trú ổn định, mở rộng hơn.",21,page_021_01,medium,remember
"Theo đoạn văn, từ Văn hóa Hòa Bình xuất hiện dấu tích gì?",Nhà máy công nghiệp,Thành phố lớn,Đường giao thông,Nền nông nghiệp,D,Đoạn văn nêu rõ dấu tích nền nông nghiệp sơ khai xuất hiện từ Văn hóa Hòa Bình.,"Đặc biệt, từ Văn hoá Hoà Bình, dấu tích nền nông nghiệp sơ khai xuất hiện. Người tinh khôn đã biết trồng trọt và chăn nuôi gia súc, quần tụ thành các thị tộc, bộ lạc với địa bàn cư trú ổn định, mở rộng hơn.",21,page_021_01,medium,remember
"Theo đoạn văn, người nguyên thủy đã biết làm gì để tổ chức cuộc sống?",Phát minh điện thoại,Xây dựng thành phố,Tạo ra hệ thống luật pháp,"Quần tụ thành thị tộc, bộ lạc",D,"Đoạn văn nêu rõ người nguyên thủy đã quần tụ thành các thị tộc, bộ lạc với địa bàn cư trú ổn định.","Người tinh khôn đã biết trồng trọt và chăn nuôi gia súc, quần tụ thành các thị tộc, bộ lạc với địa bàn cư trú ổn định, mở rộng hơn.",21,page_021_01,easy,remember
Cư dân thuộc nền văn hoá Hoà Bình chủ yếu sống bằng nghề nào?,Chăn nuôi,Nông nghiệp,Khai thác mỏ,Lao động thủ công,A,"Trong văn hoá Hoà Bình, cư dân chủ yếu sống bằng nghề chăn nuôi.","Dựa vào các hình từ 4.12 đến 4.17 và đọc thông tin, hãy nêu những nét chính về đời sống vật chất và tinh thần của cư dân thuộc các nền văn hoá Hoà Bình, Bắc Sơn, Quỳnh Văn.",22,page_022_01,medium,remember
Những hiện vật nào được trưng bày tại Bảo tàng Quai Branly ở Paris?,Dụng cụ y tế cổ đại,Hiện vật về đời sống của người nguyên thủy,Đồ trang sức quý tộc,Tranh hội họa đương đại,B,Bảo tàng Quai Branly ở Paris trưng bày các tác phẩm nghệ thuật và hiện vật liên quan đến đời sống của con người thời nguyên thủy.,"Trong đó, có hàng trăm nghìn hiện vật liên quan đến đời sống của con người thời nguyên thuỷ. Các em có thể tìm hiểu bảo tàng qua website: quaibranly.fr",22,page_022_01,easy,remember
Lao động đóng vai trò như thế nào trong quá trình phát triển của cư dân văn hoá Hoà Bình?,Không cần thiết,Đóng góp ít ỏi,Quan trọng nhất,Chỉ là hoạt động phụ,C,Lao động đóng vai trò quan trọng trong quá trình phát triển của cư dân văn hoá Hoà Bình.,"Trong đó, có hàng trăm nghìn hiện vật liên quan đến đời sống của con người thời nguyên thuỷ. Các em có thể tìm hiểu bảo tàng qua website: quaibranly.fr",22,page_022_01,medium,analyze
Cư dân văn hoá Bắc Sơn thường sử dụng các loại công cụ nào trong lao động?,Đá mài,Vải thô,Đồ gốm,Hàng hóa thương mại,A,"Trong văn hoá Bắc Sơn, cư dân thường sử dụng các loại công cụ đá mài trong lao động.","Dựa vào các hình từ 4.12 đến 4.17 và đọc thông tin, hãy nêu những nét chính về đời sống vật chất và tinh thần của cư dân thuộc các nền văn hoá Hoà Bình, Bắc Sơn, Quỳnh Văn.",22,page_022_01,easy,remember
Sự phát hiện ra kim loại đồng ban đầu như thế nào?,Bằng cách đúc từ các hợp kim,Bằng cách luyện kim,Từ nham thạch do núi lửa phun trào hoặc trong đám tro tàn sau vụ cháy rừng,Qua khai thác mỏ,C,"Ban đầu, con người phát hiện ra đồng một cách ngẫu nhiên: từ nham thạch do núi lửa phun trào hoặc trong đám tro tàn sau những vụ cháy rừng.","Ban đầu, con người phát hiện ra đồng một cách ngẫu nhiên: từ nham thạch do núi lửa phun trào hoặc trong đám tro tàn sau những vụ cháy rừng, con người nhặt được những khối đồng nguyên chất (đồng đỏ) bị nóng chảy và vón cục lại.",23,page_023_01,easy,remember
Năm nào một giáo sư khảo cổ học dẫn đầu đoàn thám hiểm khai quật ở vùng thung lũng Tim-na?,1959,1960,1961,1958,A,"Năm 1959, một giáo sư khảo cổ học đã dẫn đầu đoàn thám hiểm, khai quật sâu vào vùng thung lũng Tim-na (phía nam I-xra-en).","Năm 1959, một giáo sư khảo cổ học đã dẫn đầu đoàn thám hiểm, khai quật sâu vào vùng thung lũng Tim-na (phía nam I-xra-en).",23,page_023_01,easy,remember
Công cụ lao động bằng kim loại đã xuất hiện khi nào?,Cuối thời nguyên thuỷ,Đầu thiên niên kỉ I TCN,Thời nguyên thuỷ,Thiên niên kỉ IV TCN,D,"Ban đầu, con người phát hiện ra đồng một cách ngẫu nhiên: từ nham thạch do núi lửa phun trào hoặc trong đám tro tàn sau những vụ cháy rừng, con người nhặt được những khối đồng nguyên chất (đồng đỏ) bị nóng chảy và vón cục lại. Công cụ lao động bằng kim loại đã xuất hiện như thế nào? Điều này làm cho kinh tế, xã hội cuối thời nguyên thuỷ có những chuyển biến ra sao?","Ban đầu, con người phát hiện ra đồng một cách ngẫu nhiên: từ nham thạch do núi lửa phun trào hoặc trong đám tro tàn sau những vụ cháy rừng, con người nhặt được những khối đồng nguyên chất (đồng đỏ) bị nóng chảy và vón cục lại.",23,page_023_01,medium,remember
"Công cụ kéo sợi, dệt bằng đá và sắt xuất hiện ở đâu?",Phùng Nguyên - Đồng Đậu - Gò Mun,Anh,Tim-na,I-xra-en,B,"Hình 5.2. Công cụ kéo sợi, dệt bằng đá và sắt (Anh, đầu thiên niên kỉ I TCN)","<center>Hình 5.2. Công cụ kéo sợi, dệt bằng đá và sắt (Anh, đầu thiên niên kỉ I TCN)</center>",23,page_023_01,hard,remember
"Theo thông tin trong đoạn văn, từ khoảng thời kỳ nào con người bắt đầu chế tác công cụ lao động bằng đồng đỏ?",Thiên niên kỳ IV TCN,Thế kỉ XII TCN,Thiên niên kỳ I TCN,Thiên niên kỳ II TCN,A,"Theo đoạn văn, từ khoảng thiên niên kỳ IV TCN, con người bắt đầu chế tác công cụ lao động bằng đồng đỏ.","Từ khoảng thiên niên kỳ IV TCN, con người bắt đầu phát hiện và chế tác công cụ lao động bằng đồng đỏ, tiếp đó là đồng thau.",24,page_024_01,easy,remember
"Theo đoạn văn, việc sử dụng phổ biến công cụ lao động bằng kim loại, đặc biệt là đồ sắt, đã dẫn đến sự tăng cao như thế nào?",Diện tích canh tác nông nghiệp,Sản phẩm làm ra,Tất cả các phương án trên,Năng suất lao động,C,"Theo đoạn văn, việc sử dụng công cụ lao động bằng kim loại đã dẫn đến sự tăng cao về diện tích canh tác nông nghiệp, năng suất lao động và sản phẩm làm ra.","Việc sử dụng phổ biến công cụ lao động bằng kim loại, đặc biệt là đồ sắt, làm cho diện tích canh tác nông nghiệp ngày càng mở rộng, nhờ đó năng suất lao động tăng cao, sản phẩm làm ra không chỉ đủ ăn mà còn dư thừa thường xuyên.",24,page_024_01,medium,analyze
"Theo thông tin trong đoạn văn, việc sử dụng công cụ lao động bằng kim loại đã tác động như thế nào đến xã hội?",Tăng cường quan hệ quốc tế,Cách mạng công nghiệp,Phát triển kinh tế thị trường,Sự chuyển biến từ xã hội nguyên thuỷ sang xã hội có giai cấp,D,"Theo đoạn văn, việc sử dụng công cụ lao động bằng kim loại đã dẫn đến sự chuyển biến từ xã hội nguyên thuỷ sang xã hội có giai cấp.",Công cụ lao động bằng kim loại được sử dụng phổ biến không chỉ tác động trực tiếp đến kinh tế mà còn dẫn đến sự chuyển biến từ xã hội nguyên thuỷ sang xã hội có giai cấp.,24,page_024_01,hard,analyze
"Ở phương Đông, vào cuối thời nguyên thuỷ, cư dân thường sống quây quần vì mục đích gì?",Để cùng làm công việc nông nghiệp,Để học hỏi kiến thức từ nhau,Để chia sẻ thức ăn,Để bảo vệ mình khỏi động vật hoang dã,A,"Cư dân sống quây quần để cùng làm thuỷ lợi (đắp đê, đào kênh, mương,...) và sản xuất nông nghiệp.","Họ thường sống quây quần, gắn bó với nhau để cùng làm thuỷ lợi (đắp đê, đào kênh, mương,...), cùng sản xuất nông nghiệp.",25,page_025_01,easy,remember
"Theo văn hoá Phùng Nguyên, người Việt cổ đã biết chế tác công cụ lao động bằng kim loại nào?",Kim loại,Đồng đỏ và đồng thau,Vàng,Bạc,B,"Từ Văn hoá Phùng Nguyên, người Việt cổ đã bắt đầu biết chế tác công cụ lao động bằng đồng đỏ và đồng thau.","Từ Văn hoá Phùng Nguyên, người Việt cổ đã bắt đầu biết chế tác công cụ lao động bằng đồng đỏ và đồng thau.",25,page_025_01,easy,remember
"Trong xã hội nguyên thuỷ ở phương Đông, mối quan hệ giữa người với người như thế nào?",Gần gũi và mật thiết,Xung đột thường xuyên,Không có liên kết,Cách biệt,A,"Mối quan hệ giữa người với người vẫn rất gần gũi, mật thiết.","Họ thường sống quây quần, gắn bó với nhau để cùng làm thuỷ lợi (đắp đê, đào kênh, mương,...), cùng sản xuất nông nghiệp. Do vậy, mối quan hệ giữa người với người vẫn rất gần gũi, mật thiết.",25,page_025_01,medium,remember
Sự phân hoá không triệt để của xã hội nguyên thuỷ ở phương Đông thể hiện như thế nào?,Giai cấp quý tộc đã xuất hiện,Nghề nghiệp được phân định rõ ràng,Không có sự chia thành giai cấp,Cư dân sống riêng lẻ,C,Sự phân hoá không triệt để của xã hội nguyên thuỷ ở phương Đông thể hiện qua việc chưa có sự chia thành giai cấp.,Sự phân hoá không triệt để của xã hội nguyên thuỷ ở phương Đông thể hiện như thế nào?,25,page_025_01,hard,analyze
"Cuối thời nguyên thủy, con người ở Việt Nam đã bắt đầu khai thác và sử dụng gì?",Tổng hợp,Hạt gạo,Nước suối,Vũ khí bằng đồng,D,"Cuối thời nguyên thủy, con người đã sử dụng công cụ, vũ khí bằng kim loại như đồng.","Hình 5.8. Công cụ, vũ khí bằng đồng (Văn hoá Gò Mun)",26,page_026_01,easy,remember
Nền Văn hoá Gò Mun nổi bật với những gì được phát hiện?,"Công cụ, vũ khí bằng đồng",Mộ cổ,Tổng hợp,Hạt gạo,A,"Nền Văn hoá Gò Mun nổi bật với việc sử dụng công cụ, vũ khí bằng đồng.","Hình 5.8. Công cụ, vũ khí bằng đồng (Văn hoá Gò Mun)",26,page_026_01,easy,remember
Quần thể kim tự tháp Gi-za nằm ở đâu?,Thái Lan,Phần Lan,Ai Cập,Lưỡng Hà,C,"Trong đoạn văn, có đề cập rằng quần thể kim tự tháp Gi-za vẫn còn tồn tại đến ngày nay ở Ai Cập.","trong đó, quần thể kim tự tháp Gi-za vẫn còn tồn tại đến ngày nay.",27,page_027_01,easy,remember
Cư dân Lưỡng Hà xây dựng công trình nào trong bảy kỳ quan thế giới cổ đại?,Quần thể kim tự tháp Gi-za,Đền Artemis,Vườn treo Ba-bi-lon,Tháp Eiffel,C,"Trong đoạn văn, Vườn treo Ba-bi-lon (Lưỡng Hà) được đề cập là một trong bảy kỳ quan thế giới cổ đại.",Vườn treo Ba-bi-lon (Lưỡng Hà) và quần thể kim tự tháp Gi-za (Ai Cập) là hai trong bảy kỳ quan thế giới cổ đại.,27,page_027_01,medium,remember
"Sau mỗi mùa nước lũ, các dòng sông ở Ai Cập và Lưỡng Hà bồi đắp phù sa tạo nên những cánh đồng màu mỡ. Điều này giúp phát triển sản xuất nông nghiệp như thế nào?",Các cánh đồng màu mỡ không cần chăm sóc,Cánh đồng màu mỡ thuận lợi cho việc canh tác,Nước lũ làm hỏng các hệ thống tưới tiêu,Phù sa làm giảm năng suất đất,B,"Sau mỗi mùa nước lũ, phù sa bồi đắp tạo nên những cánh đồng màu mỡ thuận lợi cho sản xuất nông nghiệp.","Hằng năm, sau mỗi mùa nước lũ, các dòng sông bồi đắp phù sa tạo nên những cánh đồng màu mỡ, thuận lợi cho phát triển sản xuất nông nghiệp.",28,page_028_01,easy,remember
"Theo Hê-rô-đốt, sông Nin đã mang đến điều gì cho Ai Cập?",Con đường giao thông,Nước lũ,Đất đai,Tặng phẩm,D,Hê-rô-đốt – nhà sử học Hy Lạp cổ đại từng viết: “Ai Cập là tặng phẩm của sông Nin”.,"""Ai Cập là tặng phẩm của sông Nin""",28,page_028_01,medium,remember
"Vào khoảng năm 3200 TCN, ai đã thống nhất các công xã thành nhà nước Ai Cập?",Tu-tan-kha-môn,Mê-nét,Pha-ra-ông,Hê-rô-đốt,B,"Vào khoảng năm 3200 TCN, Mê-nét đã thống nhất các công xã thành nhà nước Ai Cập.","Vào khoảng năm 3200 TCN, Mê-nét đã thống nhất các công xã thành nhà nước Ai Cập.",28,page_028_01,medium,remember
Mặt nạ bằng vàng của Pha-ra-ông Tu-tan-kha-môn thể hiện điều gì về vị trí của Pha-ra-ông trong xã hội Ai Cập?,Pha-ra-ông được tôn kính như một vị thần,Pha-ra-ông chỉ là thủ lĩnh quân sự,Pha-ra-ông là người bình thường,Pha-ra-ông không có quyền lực,A,"Đứng đầu nhà nước là Pha-ra-ông, có quyền lực tối cao và được người dân tôn kính như một vị thần.","Đứng đầu nhà nước là Pha-ra-ông, có quyền lực tối cao và được người dân tôn kính như một vị thần.",28,page_028_01,hard,analyze
"Theo văn hóa Ai Cập cổ đại, linh hồn của người chết sẽ như thế nào sau khi chết?",Tồn tại trong một thế giới khác,Đi vào cõi vĩnh cửu không còn trở về,Biến thành một con quái vật,Trở lại thể xác để hồi sinh,D,"Theo văn hóa Ai Cập cổ đại, linh hồn của người chết sẽ trở lại thể xác để hồi sinh.","Cư dân Ai Cập tin rằng, sau khi chết linh hồn có thể trở lại thể xác để hồi sinh. Vì vậy, họ có tục ướp xác.",29,page_029_01,medium,remember
Nước Lưỡng Hà đã chia một năm làm bao nhiêu tháng?,10 tháng,24 tháng,12 tháng,15 tháng,C,"Cư dân Lưỡng Hà đã chia một năm làm 12 tháng, mỗi tháng có 29 hoặc 30 ngày.","Dựa trên quan sát sự chuyển động của Mặt Trăng quay quanh Trái Đất, cư dân Lưỡng Hà đã chia một năm làm 12 tháng, mỗi tháng có 29 hoặc 30 ngày.",29,page_029_01,easy,remember
"Theo văn hóa Ai Cập cổ đại, kĩ thuật ướp xác đã giúp phát triển lĩnh vực nào?",Văn hóa tôn giáo,Y học giải phẫu,Nghệ thuật kiến trúc,Tôn giáo thần bí,B,"Với kĩ thuật ướp xác thuần thục, ngay từ thời cổ đại, cư dân Ai Cập đã có nhiều hiểu biết về những bộ phận bên trong cơ thể con người. Y học giải phẫu có điều kiện phát triển.","Dựa trên quan sát sự chuyển động của Mặt Trăng quay quanh Trái Đất, cư dân Lưỡng Hà đã chia một năm làm 12 tháng, mỗi tháng có 29 hoặc 30 ngày.",29,page_029_01,hard,apply
Cư dân Lưỡng Hà sử dụng hệ thống đếm nào?,Hệ số 60,Hệ nhị phân,Hệ bát phân,Hệ thập phân,A,"Theo thông tin trong CONTEXT, Cư dân Lưỡng Hà giỏi về số học và sử dụng hệ thống đếm lấy số 60 làm cơ sở.","PDF Page 30: Cư dân Lưỡng Hà giỏi về số học, sử dụng hệ thống đếm lấy số 60 làm cơ sở.",30,page_030_01,medium,remember
"Theo thông tin trong CONTEXT, cổng I-sô-ta được xây dựng ở đâu?",Cổng vào của Ai Cập,Hà Nội,Trung tâm thành phố Ba-bi-lon,Lưỡng Hà,C,"CONTEXT đề cập đến 'Cổng I-sô-ta – cửa ngõ dẫn đến trung tâm thành phố Ba-bi-lon (bản phục dựng)', cho thấy cổng này nằm ở trung tâm thành phố Ba-bi-lon.",Cổng I-sô-ta – cửa ngõ dẫn đến trung tâm thành phố Ba-bi-lon (bản phục dựng),31,page_031_01,easy,remember
"Theo thông tin trong CONTEXT, cư dân Ai Cập hoặc Lưỡng Hà có thành tựu văn hóa gì ấn tượng nhất?",Nền nông nghiệp tiên tiến,Hệ thống luật pháp,Công trình kiến trúc,Kỹ thuật giao thông,C,"CONTEXT đề cập đến 'Quan sát các hình từ 6.4 đến 6.9 và đọc thông tin, hãy nêu những thành tựu văn hoá chủ yếu của cư dân Ai Cập và Lưỡng Hà', trong đó công trình kiến trúc như cổng I-sô-ta là một ví dụ.","Quan sát các hình từ 6.4 đến 6.9 và đọc thông tin, hãy nêu những thành tựu văn hoá chủ yếu của cư dân Ai Cập và Lưỡng Hà",31,page_031_01,easy,remember
"Theo CONTEXT, cổng I-sô-ta được xây dựng để phục vụ mục đích gì?",Đóng vai trò phòng thủ,Cung cấp nước sinh hoạt,Tôn giáo,Lưu thông thương mại và giao thông,D,"CONTEXT chỉ ra rằng cổng I-sô-ta là 'cửa ngõ dẫn đến trung tâm thành phố Ba-bi-lon', cho thấy mục đích chính của nó là lưu thông thương mại và giao thông.",Cổng I-sô-ta – cửa ngõ dẫn đến trung tâm thành phố Ba-bi-lon (bản phục dựng),31,page_031_01,medium,apply
Lễ hội Cụm Mê-lơ được tổ chức bao lâu một lần?,Sáu năm,Mỗi năm,Ba năm,Năm năm,C,Lễ hội Cụm Mê-lơ được tổ chức ba năm một lần.,"Ngày nay, lễ hội này được tổ chức ba năm một lần, kéo dài gần hai tháng (từ tháng 1 đến tháng 3).",32,page_032_01,easy,remember
Sông Hằng đóng vai trò như thế nào trong nền văn minh Ấn Độ cổ đại?,Tạo nên đồng bằng trù phú phía đông,Phía bắc là những dãy núi cao,Là nơi tổ chức lễ hội Mê-lơ,Đóng vai trò chính trong việc phát triển kinh tế nông nghiệp,D,Sông Hằng là một trong các con sông có vai trò quan trọng đối với sự hình thành nền văn minh Ấn Độ thời cổ đại.,Sông Hằng là một trong các con sông có vai trò quan trọng đối với sự hình thành nền văn minh Ấn Độ thời cổ đại.,32,page_032_01,medium,remember
Phía bắc của lãnh thổ Ấn Độ cổ đại được mô tả như thế nào?,Là những vùng đồng bằng trù phú,Nơi tổ chức lễ hội Mê-lơ,Bị ngăn cách bởi những dãy núi cao,Được tạo nên bởi sự bồi đắp phù sa,C,Phía bắc là những dãy núi cao như bức tường thành.,Phía bắc là những dãy núi cao như bức tường thành;,32,page_032_01,easy,remember
"Dựa vào thông tin trong đoạn văn, ở khoảng thời gian nào người Đra-vi-đa đã trồng lúa mì, lúa mạch, trồng bông dệt vải và thuần dưỡng vật nuôi?",Khoảng giữa thiên niên kỷ II TCN,Khoảng giữa thiên niên kỷ I TCN,Khoảng giữa thiên niên kỷ IV TCN,Khoảng giữa thiên niên kỷ III TCN,D,"Theo đoạn văn, người Đra-vi-đa đã trồng lúa mì, lúa mạch, trồng bông dệt vải và thuần dưỡng vật nuôi khoảng giữa thiên niên kỷ III TCN.","Khoảng giữa thiên niên kì III TCN, tại lưu vực sông Ấn, người Đra-vi-đa đã trồng lúa mì, lúa mạch, trồng bông dệt vải và thuần dưỡng vật nuôi, dần hình thành các thành thị cổ, tiêu biểu là Mô-hen-giô Đa-rô và Ha-ráp-pa.",33,page_033_01,easy,remember
"Theo đoạn văn, chế độ nào được gọi là chế độ đẳng cấp Vác-na?",Chế độ quân chủ,Chế độ đẳng cấp Vác-na (sự phân biệt về chủng tộc và màu da),Chế độ phong kiến,Chế độ tự do dân chủ,B,"Theo đoạn văn, chế độ được gọi là chế độ đẳng cấp Vác-na là sự phân biệt về chủng tộc và màu da.","Khoảng giữa thiên niên kì II TCN, người A-ri-a từ vùng Trung Á tràn vào miền Bắc Ấn Độ và thành lập nên một số nhà nước. Họ xua đuổi và biến người Đra-vi-đa thành nô lệ, người hầu, trở thành đẳng cấp thứ tư trong hệ thống bốn đẳng cấp. Chế độ này được gọi là chế độ đẳng cấp Vác-na (sự phân biệt về chủng tộc và màu da).",33,page_033_01,medium,remember
"Theo đoạn văn, người A-ri-a tràn vào miền Bắc Ấn Độ khoảng thời gian nào?",Khoảng giữa thiên niên kỷ I TCN,Khoảng giữa thiên niên kỷ III TCN,Khoảng giữa thiên niên kỷ IV TCN,Khoảng giữa thiên niên kỷ II TCN,D,"Theo đoạn văn, người A-ri-a tràn vào miền Bắc Ấn Độ khoảng giữa thiên niên kỷ II TCN.","Khoảng giữa thiên niên kì II TCN, người A-ri-a từ vùng Trung Á tràn vào miền Bắc Ấn Độ và thành lập nên một số nhà nước.",33,page_033_01,easy,remember
"Theo đoạn văn, Mô-hen-giô Đa-rô và Ha-ráp-pa là những ví dụ về các thành thị cổ nào?",Thành phố của người Hy Lạp,Thành phố của người A-ri-a,Thành phố của người La Mã,Thành phố của người Đra-vi-đa,D,"Theo đoạn văn, Mô-hen-giô Đa-rô và Ha-ráp-pa là các thành thị cổ mà người Đra-vi-đa đã hình thành.","Khoảng giữa thiên niên kì III TCN, tại lưu vực sông Ấn, người Đra-vi-đa đã trồng lúa mì, lúa mạch, trồng bông dệt vải và thuần dưỡng vật nuôi, dần hình thành các thành thị cổ, tiêu biểu là Mô-hen-giô Đa-rô và Ha-ráp-pa.",33,page_033_01,medium,remember
Nền văn học Ấn Độ có tác phẩm nào được mô tả trong đoạn văn?,Chữ Phạn,Kiến trúc Phật giáo,Sử thi Ma-ha-bha-ra-ta,Hình 7.6,C,"Trong đoạn văn, tác phẩm được mô tả là 'Ma-ha-bha-ra-ta và Ra-ma-y-a-na'.","Ấn Độ có một nền văn học rất phong phú với nhiều thể loại, tiêu biểu nhất là sử thi với hai tác phẩm đồ sộ là Ma-ha-bha-ra-ta và Ra-ma-y-a-na.",35,page_035_01,easy,remember
Số câu thơ đôi trong sử thi Ma-ha-bha-ra-ta là bao nhiêu?,10 000,110 000,24 000,75 000,B,Ma-ha-bha-ra-ta gồm khoảng 110 000 câu thơ đôi.,"Ma-ha-bha-ra-ta gồm khoảng 110 000 câu thơ đôi, phản ánh toàn bộ đời sống của người Ấn Độ cổ đại.",35,page_035_01,medium,remember
Nền văn học Ấn Độ có tác phẩm nào mô tả cuộc tình giữa hoàng tử Ra-ma và nàng Xi-ta?,Ra-ma-y-a-na,Kiến trúc Phật giáo,Chữ Phạn,Sử thi Ma-ha-bha-ra-ta,A,"Ra-ma-y-a-na gồm khoảng 24 000 câu thơ đôi, mô tả cuộc tình giữa hoàng tử Ra-ma và nàng Xi-ta.","Ra-ma-y-a-na gồm khoảng 24 000 câu thơ đôi, mô tả cuộc tình giữa hoàng tử Ra-ma và nàng Xi-ta.",35,page_035_01,easy,remember
"Theo đoạn văn, người Ấn Độ đã sáng tạo ra chữ số nào mà vẫn được sử dụng đến ngày nay?",Chữ số Romani,Chữ số Ả Rập,Chữ số La Mã,Chữ số Hy Lạp,B,"Theo đoạn văn, 'Người Ấn Độ sáng tạo ra các chữ số mà ngày nay vẫn đang được sử dụng (thường gọi là chữ số Ả Rập).'",Người Ấn Độ sáng tạo ra các chữ số mà ngày nay vẫn đang được sử dụng (thường gọi là chữ số Ả Rập).,36,page_036_01,easy,remember
"Theo thông tin trong đoạn văn, người Ấn Độ đã biết làm ra lịch như thế nào?",Chia năm thành 24 tháng,Chia năm thành 36 tháng,Chia năm thành 10 tháng,Chia năm thành 12 tháng,D,"Theo đoạn văn, 'Người Ấn Độ đã biết làm ra lịch, chia một năm làm 12 tháng, mỗi tháng có 30 ngày (một năm có 360 ngày).'","Người Ấn Độ đã biết làm ra lịch, chia một năm làm 12 tháng, mỗi tháng có 30 ngày (một năm có 360 ngày).",36,page_036_01,medium,remember
Lãnh thổ Trung Quốc thời cổ đại tập trung dân cư ở khu vực nào?,Lưu vực hai con sông lớn là Hoàng Hà và Trường Giang,Dải đất ven biển,Địa hình núi cao,Khu vực sa mạc,A,Trung Quốc thời cổ đại tập trung dân cư ở lưu vực hai con sông lớn là Hoàng Hà và Trường Giang.,"Vào thời cổ đại, lãnh thổ Trung Quốc nhỏ hơn ngày nay, cư dân tập trung chủ yếu ở lưu vực hai con sông lớn là Hoàng Hà và Trường Giang (còn gọi là Dương Tử).",37,page_037_01,easy,remember
Những nhà nước đầu tiên của Trung Quốc ra đời ở đâu?,Dọc theo lưu vực hai con sông lớn là Hoàng Hà và Trường Giang,Trong các thung lũng núi cao,Ở khu vực sa mạc phía tây,Trên dải đất ven biển,A,Những nhà nước đầu tiên của Trung Quốc ra đời dọc theo lưu vực hai con sông lớn là Hoàng Hà và Trường Giang.,"Với điều kiện tự nhiên thuận lợi, những nhà nước đầu tiên đã ra đời dọc theo lưu vực các dòng sông lớn.",37,page_037_01,medium,remember
Quá trình thống nhất và xác lập chế độ phong kiến ở Trung Quốc diễn ra dưới thời ai?,Trịnh Nguyễn,Nam Bắc triều,Tần Thuỷ Hoàng,Hán Tống,C,Quá trình thống nhất và sự xác lập chế độ phong kiến ở Trung Quốc dưới thời Tần Thuỷ Hoàng.,- Mô tả được sơ lược quá trình thống nhất và sự xác lập chế độ phong kiến ở Trung Quốc dưới thời Tần Thuỷ Hoàng.,37,page_037_01,medium,remember
Lưu vực Hoàng Hà và Trường Giang có điều kiện gì thuận lợi cho phát triển nông nghiệp?,Nước mặn,Đất đá,Nước ngọt,Đất phù sa màu mỡ,D,"Lưu vực Hoàng Hà và Trường Giang có đất phù sa màu mỡ, tạo điều kiện thuận lợi cho phát triển kinh tế nông nghiệp.","PDF Page 38 Lưu vực Hoàng Hà và Trường Giang có đất phù sa màu mỡ, tạo điều kiện thuận lợi cho phát triển kinh tế nông nghiệp.",38,page_038_01,easy,remember
Quá trình thống nhất Trung Quốc dưới thời Tần Thuỷ Hoàng diễn ra vào khoảng thế kỷ nào?,Thế kỷ VII TCN,Thế kỷ I TCN,Thế kỷ V TCN,Thế kỷ III TCN,D,Hình 8.3. Lược đồ quá trình thống nhất Trung Quốc của Tần Thuỷ Hoàng (thế kỉ III TCN),Hình 8.3. Lược đồ quá trình thống nhất Trung Quốc của Tần Thuỷ Hoàng (thế kỉ III TCN),38,page_038_01,medium,remember
"Theo văn bản, năm nào nước Tần thống nhất Trung Quốc?",15 TCN,39 TCN,206 TCN,221 TCN,D,"Theo văn bản, nước Tần thống nhất Trung Quốc vào năm 221 TCN.","""nước Tần mạnh lên, lần lượt đánh bại các nước khác và thống nhất Trung Quốc vào năm 221 TCN""",39,page_039_01,easy,remember
"Để củng cố sự thống nhất đất nước, Tần Thuỷ Hoàng áp dụng những biện pháp nào?",tất cả các phương án trên,tiền tệ,chế độ đo lường,chữ viết và pháp luật chung,A,"Theo văn bản, Tần Thuỷ Hoàng áp dụng chế độ đo lường, tiền tệ, chữ viết và pháp luật chung trong cả nước.","""để củng cố sự thống nhất đất nước, Tần Thuỷ Hoàng đã áp dụng chế độ đo lường, tiền tệ, chữ viết và pháp luật chung""",39,page_039_01,medium,remember
"Theo sơ đồ hình 8.5, xã hội phong kiến ở Trung Quốc dưới thời Tần Thuỷ Hoàng bao gồm những giai cấp nào?",Quý tộc và quan lại,Nông dân và thương nhân,Tất cả các phương án trên,Quý tộc và nông dân,A,"Theo văn bản, xã hội phong kiến Trung Quốc dưới thời Tần Thuỷ Hoàng bao gồm quý tộc và quan lại.","""Xã hội phong kiến Trung Quốc bước đầu hình thành dưới thời Tần Thuỷ Hoàng.""",39,page_039_01,hard,remember
"Theo văn bản, học thuyết nào của Nho gia được Khổng Tử chủ trương?","Duy trì trật tự xã hội bằng đạo đức, lễ nghĩa",Không tranh giành của cải hay quyền lực,"Sử dụng tình yêu thương rộng khắp, không phân biệt thứ bậc",Tăng cường quyền lực của nhà vua và dùng luật pháp để cai trị,A,"Khổng Tử chủ trương duy trì trật tự xã hội bằng đạo đức, lễ nghĩa.","""Nho gia: đại diện là Khổng Tử, chủ trương duy trì trật tự xã hội bằng đạo đức, lễ nghĩa""",40,page_040_01,easy,remember
"Theo văn bản, học thuyết nào của Pháp gia được đề cập?",Đạo gia,Nho gia,Pháp gia,Mặc gia,C,Học thuyết của Pháp gia được đề cập trong văn bản.,"""Pháp gia: đại diện là Hàn Phi Tử, chủ trương tăng cường quyền lực của nhà vua và dùng luật pháp để cai trị""",40,page_040_01,medium,remember
"Theo văn bản, Khổng Tử nhấn mạnh điều gì trong quá trình dạy học?",Tình yêu thương rộng khắp,Không tranh giành quyền lực,Quyền lực của nhà vua,Đạo đức,D,Khổng Tử nhấn mạnh đạo đức trong quá trình dạy học.,"""Trong quá trình dạy học ông luôn đặt đạo đức lên hàng đầu""",40,page_040_01,easy,remember
"Theo văn bản, học thuyết nào của Đạo gia được đề cập?",Pháp gia,Mặc gia,Đạo gia,Nho gia,C,Học thuyết của Đạo gia được đề cập trong văn bản.,"""Đạo gia: đại diện là Lão Tử, mong muốn không tranh giành của cải hay quyền lực""",40,page_040_01,medium,remember
"Theo đoạn văn, tác phẩm nào dưới đây được coi là nổi tiếng nhất trong thời kỳ Xuân Thu ở Trung Quốc?",Văn học Kinh Thi,Khuất Nguyên và các sáng tác của ông,Sử kí của Tư Mã Thiên,Liêu thi và Cửu ca,A,Đoạn văn nêu rõ: 'Văn học Kinh Thi là tác phẩm văn học nổi tiếng nhất ở Trung Quốc dưới thời Xuân Thu.',Văn học Kinh Thi là tác phẩm văn học nổi tiếng nhất ở Trung Quốc dưới thời Xuân Thu.,41,page_041_01,easy,remember
"Theo đoạn văn, người Trung Quốc xưa đã biết sử dụng cây cỏ tự nhiên để làm gì?",Định hướng phương hướng,Sử dụng trong y học,In sách,Làm giấy,B,Đoạn văn nêu rõ: 'Người Trung Quốc xưa đã biết dùng cây cỏ tự nhiên để làm thuốc chữa bệnh.',Người Trung Quốc xưa đã biết dùng cây cỏ tự nhiên để làm thuốc chữa bệnh.,41,page_041_01,easy,remember
"Theo đoạn văn, phát minh nào dưới đây vẫn còn được sử dụng đến ngày nay?",La bàn,Kĩ thuật in,Xe chỉ nam,Làm giấy,B,"Đoạn văn nêu rõ: 'trong đó có những phát minh vẫn còn được sử dụng đến ngày nay. Kĩ thuật in,...'","trong đó có những phát minh vẫn còn được sử dụng đến ngày nay. Kĩ thuật in,...",41,page_041_01,medium,remember
Nền văn minh Trung Quốc được thể hiện qua công trình nào sau đây?,Vạn Lí Trường Thành,Hồ Trị Thiên,Tháp Nhĩ Bát Lục,Đại học Bắc Kinh,A,"Nền văn minh Trung Quốc được thể hiện qua công trình kiến trúc Vạn Lí Trường Thành, như đề cập trong đoạn văn.",PDF Page 42 Kiến trúc Vạn Lí Trường Thành được người Trung Quốc xây dựng nhằm ngăn chặn các cuộc tấn công từ bên ngoài. Đây được xem là biểu tượng của nền văn minh Trung Quốc.,42,page_042_01,easy,remember
Địa Trung Hải được ví như một cái hồ lớn trong văn bản có tác dụng gì?,Tạo nên con đường giao thông thuận lợi giữa các vùng đất,Giải thích về diện tích rộng lớn của Địa Trung Hải,Nêu lên tầm quan trọng của biển đảo đối với Hy Lạp,Mô tả hình dạng tròn của Địa Trung Hải,A,Địa Trung Hải được ví như một cái hồ lớn để nhấn mạnh rằng nó tạo nên con đường giao thông thuận lợi giữa các vùng đất.,"Địa Trung Hải giống như một cái hồ lớn, tạo nên con đường giao thông thuận lợi giữa các vùng đất.",43,page_043_01,easy,understand
Nền văn minh Hy Lạp có ảnh hưởng mạnh mẽ đến khu vực Địa Trung Hải như thế nào?,Qua sự phát triển của nông nghiệp,Qua việc xây dựng nhiều đế chế lớn,Qua việc mở rộng lãnh thổ ra biển,"Qua các hoạt động hàng hải, ngư nghiệp và thương mại",D,"Nền văn minh Hy Lạp có ảnh hưởng mạnh mẽ đến khu vực Địa Trung Hải thông qua các hoạt động hàng hải, ngư nghiệp và thương mại.","Hy Lạp là một trong những nền văn minh thế giới thời cổ đại, có ảnh hưởng mạnh mẽ đến khu vực Địa Trung Hải, trong đó có La Mã.",43,page_043_01,medium,apply
Tổ chức nhà nước của Hy Lạp và La Mã có đặc điểm gì nổi bật?,"Thành bang, đế chế",Độc lập hoàn toàn với các nước láng giềng,Quyền lực tập trung vào tay một vị vua,Có hệ thống quân đội mạnh,A,"Tổ chức nhà nước của Hy Lạp và La Mã có đặc điểm nổi bật là thành bang, đế chế.","Trình bày được tổ chức nhà nước thành bang, nhà nước đế chế ở Hy Lạp và La Mã.",43,page_043_01,medium,remember
Một số thành tựu văn hóa tiêu biểu của Hy Lạp là gì?,Internet,Tòa nhà cao tầng,Nhạc kịch và hội họa,Điện ảnh và truyền hình,C,Một số thành tựu văn hóa tiêu biểu của Hy Lạp là nhạc kịch và hội họa.,Nêu được một số thành tựu văn hoá tiêu biểu của Hy Lạp và La Mã.,43,page_043_01,easy,remember
Hy Lạp cổ đại bao gồm lãnh thổ nào theo thông tin trong đoạn văn?,Chỉ miền đất ven bờ Tiểu Á,"Miền lục địa Hy Lạp, miền đất ven bờ Tiểu Á và những đảo thuộc biển Ê-giê",Chỉ miền lục địa Hy Lạp,Chỉ các đảo thuộc biển Ê-giê,B,"Theo thông tin trong đoạn văn, Hy Lạp cổ đại có lãnh thổ rộng, bao gồm miền lục địa Hy Lạp (nam bán đảo Ban-căng), miền đất ven bờ Tiểu Á và những đảo thuộc biển Ê-giê.","Hy Lạp cổ đại có lãnh thổ rộng, bao gồm miền lục địa Hy Lạp (nam bán đảo Ban-căng), miền đất ven bờ Tiểu Á và những đảo thuộc biển Ê-giê.",44,page_044_01,easy,remember
Đất đai ở Hy Lạp cổ đại thuận lợi cho việc trồng gì?,Đậu phộng,Lúa mì,Nho và ô-liu,Sắn,C,"Theo thông tin trong đoạn văn, đất đai ở Hy Lạp cổ đại không thuận lợi cho trồng cây lương thực nhưng thích hợp với việc trồng nho và ô-liu.",đất đai không thuận lợi cho trồng cây lương thực nhưng thích hợp với việc trồng nho và ô-liu.,44,page_044_01,easy,remember
Bán đảo Ý-ta-li-a có đặc điểm gì về kim loại?,Chỉ sắt,"Đồng, chì và sắt",Vàng và bạc,Chỉ đồng,B,"Theo thông tin trong đoạn văn, bán đảo Ý-ta-li-a có nhiều kim loại như đồng, chì, sắt.","bán đảo Ý-ta-li-a có nhiều kim loại như đồng, chì, sắt, ...",44,page_044_01,medium,remember
Sự thuận lợi về đường biển của bán đảo Ý-ta-li-a giúp ích cho hoạt động gì?,Hoạt động buôn bán trên biển,Xây dựng nhà máy,Cung ứng lương thực,Trồng trọt,A,"Theo thông tin trong đoạn văn, bán đảo Ý-ta-li-a có hàng nghìn ki-lô-mét đường biển, có nhiều cảng vịnh thuận lợi cho những hoạt động buôn bán trên biển.",có nhiều cảng vịnh thuận lợi cho những hoạt động buôn bán trên biển,44,page_044_01,medium,apply
"Theo đoạn văn, bao nhiêu người trong thành bang A-ten là công dân?",320 000,30 000,15 000,400 000,B,"Theo đoạn văn, khoảng 30 000 người là công dân A-ten.","Hơn 30 000 người là công dân A-ten, có tư cách và có quyền công dân.",45,page_045_01,easy,remember
"Theo đoạn văn, ai quyết định mọi công việc trong thành bang A-ten?",Đại hội nhân dân,Kiều dân,Chủ nô,Quân đội,A,"Hơn 30 000 công dân A-ten họp thành Đại hội nhân dân, bầu và cử ra các cơ quan nhà nước, quyết định mọi công việc.","Hơn 30 000 công dân A-ten họp thành Đại hội nhân dân, bầu và cử ra các cơ quan nhà nước, quyết định mọi công việc.",45,page_045_01,medium,apply
"Theo đoạn văn, số lượng nô lệ trong thành bang A-ten là bao nhiêu?",30 000,15 000,400 000,300 000,D,"Theo đoạn văn, khoảng hơn 300 000 nô lệ lao động, phục dịch, là tài sản riêng của chủ nô.","Khoảng hơn 300 000 nô lệ lao động, phục dịch, là tài sản riêng của chủ nô.",45,page_045_01,hard,analyze
Năm nào Óc-ta-viu-xơ trở thành người thống trị duy nhất ở La Mã?,30 TCN,25 TCN,28 TCN,27 TCN,D,Óc-ta-viu-xơ trở thành người thống trị duy nhất ở La Mã vào năm 27 TCN.,"Năm 27 TCN, Óc-ta-viu-xơ trở thành người thống trị duy nhất ở La Mã.",46,page_046_01,easy,remember
Viện Nguyên lão được coi trọng dưới thời Óc-ta-viu-xơ vì chuyển giao những chức năng nào của Đại hội nhân dân?,Chức năng hành chính,Chức năng quân sự,Chức năng tư pháp,Chức năng lập pháp,D,"Khoảng thế kỷ III TCN, nhiều chức năng của Đại hội nhân dân trước đó được chuyển giao cho Viện Nguyên lão.","với số nghị viên khoảng 600 người, nhiều chức năng của Đại hội nhân dân trước đó được chuyển giao cho Viện Nguyên lão.",46,page_046_01,medium,understand
Năm nào Xpác-ta-cút lãnh đạo các đấu sĩ nô lệ khởi nghĩa?,73 TCN,74 TCN,72 TCN,75 TCN,A,Xpác-ta-cút lãnh đạo các đấu sĩ nô lệ khởi nghĩa vào năm 73 TCN.,"Vào năm 73 TCN, Xpác-ta-cút đã lãnh đạo các đấu sĩ nô lệ vùng lên chống lại chủ nô.",46,page_046_01,easy,remember
"Theo đoạn văn, từ hệ thống chữ cái của người Hy Lạp, người La Mã sáng tạo ra mẫu tự nào?",Thần thoại,Hàm (ham),La-tin,Chữ số La Mã,C,"Theo đoạn văn, người Hy Lạp sáng tạo ra hệ thống chữ cái và từ hệ thống này, người La Mã đã sáng tạo ra mẫu tự La-tin.","Hệ thống chữ cái của người Hy Lạp, người La Mã sáng tạo ra mẫu tự La-tin",47,page_047_01,medium,understand
Năm nhà khoa học nào dưới đây được đề cập đến trong đoạn văn và thuộc lĩnh vực toán học?,Stra-bôn,Hê-ra-clít,Ta-lét,Ptô-lê-mê,C,"Trong đoạn văn, Pi-ta-go được đề cập đến như một nhà toán học nổi tiếng.","Pi-ta-go, ... với nhiều tên tuổi nổi tiếng, như Ta-lét, Pi-ta-go, Ơ-clít, Ác-si-mét, Stra-bôn, Hê-ra-clít, ...",48,page_048_01,easy,remember
"Trong đoạn văn, lĩnh vực nào được liệt kê đầu tiên mà người Hy Lạp và La Mã đã thành công?",Thiên văn học,Triết học,Địa lý,Toán học,A,"Trong đoạn văn, thiên văn học được liệt kê đầu tiên trong các lĩnh vực khoa học mà người Hy Lạp và La Mã đã thành công.","Hy Lạp được coi là quê hương của nhiều lĩnh vực khoa học, như thiên văn học, địa lý, toán học, vật lý, triết học, ...",48,page_048_01,easy,remember
Năm nhà khoa học nào trong đoạn văn được liệt kê và thuộc lĩnh vực địa lý?,Hê-ra-clít,Ác-si-mét,Stra-bôn,Pi-ta-go,C,"Trong đoạn văn, Stra-bôn được liệt kê như một nhà địa lý nổi tiếng.","Stra-bôn, Hê-ra-clít, ...",48,page_048_01,medium,remember
Địa chỉ của Viện Bảo tàng Luân-vờ-rờ nằm ở đâu?,"Quận 3, Berlin, Đức","Quận 1, Paris, Pháp","Quận 4, Roma, Ý","Quận 2, London, Anh",B,"Theo thông tin trong CONTEXT, Viện Bảo tàng Luân-vờ-rờ nằm ở Quận 1, Paris, Pháp.","Địa chỉ: Quận 1, Paris, Pháp",49,page_049_01,easy,remember
Viện Bảo tàng Luân-vờ-rờ lưu giữ bao nhiêu hiện vật?,380,3 800 000,380 000,38 000,C,"Theo thông tin trong CONTEXT, Viện Bảo tàng Luân-vờ-rờ hiện đang lưu giữ khoảng hơn 380 000 hiện vật.",Viện Bảo tàng Luân-vờ-rờ hiện đang lưu giữ khoảng hơn 380 000 hiện vật,49,page_049_01,medium,remember
Website chính thức của Viện Bảo tàng Luân-vờ-rờ là gì?,louvre.org,louvre.fr,museum-louvre.com,paris-museum.net,B,"Theo thông tin trong CONTEXT, website chính thức của Viện Bảo tàng Luân-vờ-rờ là louvre.fr.",Website: louvre.fr,49,page_049_01,easy,remember
Đông Nam Á có vị trí địa lý như thế nào theo thông tin trong đoạn văn?,"Nằm ở khu vực nhiệt đới gió mùa, đa dạng về địa hình",Nằm ở cực Bắc và cực Nam bán cầu,Nằm ở phía bắc của châu Phi,Nằm ở vùng ôn đới,A,"Đông Nam Á là một khu vực địa lí – lịch sử – văn hoá mang sắc thái riêng biệt, với địa hình đa dạng, khí hậu nhiệt đới gió mùa kèm theo mưa thuận lợi cho phát triển cây lúa nước.","Vào những thế kỉ tiếp giáp Công nguyên, cư dân Đông Nam Á đã sử dụng phổ biến đồ sắt trong sản xuất nên kinh tế nông nghiệp phát triển. Đồng thời, chịu ảnh hưởng văn hoá Ấn Độ, Trung Quốc, nhiều vương quốc cổ đã xuất hiện và dân hình thành nên các vương quốc phong kiến ở khu vực này.",50,page_050_01,easy,remember
Cư dân Đông Nam Á sử dụng đồ sắt vào thời điểm nào theo thông tin trong đoạn văn?,Vào những thế kỷ tiếp giáp Công nguyên,Từ thế kỷ thứ 7 đến thế kỷ X,Trước thế kỷ thứ 1,Sau thế kỷ thứ 10,A,"Vào những thế kỉ tiếp giáp Công nguyên, cư dân Đông Nam Á đã sử dụng phổ biến đồ sắt trong sản xuất nên kinh tế nông nghiệp phát triển.","Vào những thế kỉ tiếp giáp Công nguyên, cư dân Đông Nam Á đã sử dụng phổ biến đồ sắt trong sản xuất nên kinh tế nông nghiệp phát triển.",50,page_050_01,easy,remember
Các vương quốc phong kiến ở Đông Nam Á hình thành từ thế kỷ nào?,Thế kỷ thứ 4,Thế kỷ thứ 15,Thế kỷ thứ 1,Thế kỷ thứ 7,D,Sự hình thành và phát triển ban đầu của các vương quốc phong kiến từ thế kỉ VII đến thế kỉ X ở Đông Nam Á.,Nêu được sự hình thành và phát triển ban đầu của các vương quốc phong kiến từ thế kỉ VII đến thế kỉ X ở Đông Nam Á.,50,page_050_01,medium,remember
Cư dân Đông Nam Á chịu ảnh hưởng văn hóa từ đâu theo thông tin trong đoạn văn?,Nga,Trung Quốc,Án Độ và Trung Quốc,Châu Âu,C,"Đồng thời, chịu ảnh hưởng văn hoá Ấn Độ, Trung Quốc, nhiều vương quốc cổ đã xuất hiện và dân hình thành nên các vương quốc phong kiến ở khu vực này.","Đồng thời, chịu ảnh hưởng văn hoá Ấn Độ, Trung Quốc, nhiều vương quốc cổ đã xuất hiện và dân hình thành nên các vương quốc phong kiến ở khu vực này.",50,page_050_01,easy,remember
Trên lãnh thổ của Campuchia ngày nay đã xuất hiện vương quốc nào?,Vương quốc Sri Kse-tra,Vương quốc Chân Lạp,Vương quốc Champa,Vương quốc Phù Nam,B,"Theo thông tin trong CONTEXT, trên lãnh thổ của Campuchia ngày nay đã xuất hiện Vương quốc Chân Lạp.",Trên lãnh thổ của Cam-pu-chia ngày nay đã xuất hiện Vương quốc Chân Lạp.,51,page_051_01,easy,remember
Nước Văn Lang và nước Âu Lạc được hình thành ở khu vực nào?,Lưu vực sông Mê Kông,Lãnh thổ của Campuchia ngày nay,Lưu vực sông Irrađi,Lãnh thổ của Việt Nam ngày nay,D,"Theo thông tin trong CONTEXT, nước Văn Lang và nước Âu Lạc được hình thành ở lãnh thổ của Việt Nam ngày nay.","Trên lãnh thổ của Việt Nam ngày nay đã xuất hiện nước Văn Lang, nước Âu Lạc.",51,page_051_01,medium,remember
"Theo đoạn văn, tại khu vực hải đảo Đông Nam Á, vương quốc nào nổi bật về thương mại và hàng hải?",Sri Ksetra,Pagan,Calingga,Sri Vijaya,D,"Đoạn văn nêu rõ: 'Vương quốc Sri Vijaya rất đông dân cư và có một đạo quân hùng mạnh. Không ai có thể dùng một chiếc tàu, dù là chạy nhanh nhất, mà trong hai năm đi hết các đảo. Các đảo này đều có người ở.'","Vương quốc Sri Vijaya rất đông dân cư và có một đạo quân hùng mạnh. Không ai có thể dùng một chiếc tàu, dù là chạy nhanh nhất, mà trong hai năm đi hết các đảo.",52,page_052_01,medium,remember
"Theo đoạn văn, tại khu vực Đông Nam Á thời kỳ từ thế kỉ VII đến thế kỉ X, bộ máy nhà nước được tổ chức như thế nào?",Quy củ hơn,Thiếu quy củ,Không thay đổi,Đa dạng,A,"Đoạn văn nêu rõ: 'Bộ máy nhà nước được tổ chức quy củ hơn, quyền lực của vua được tăng cường với hệ thống quân đội, luật pháp được hoàn thiện.'","'Bộ máy nhà nước được tổ chức quy củ hơn, quyền lực của vua được tăng cường với hệ thống quân đội, luật pháp được hoàn thiện.'",52,page_052_01,easy,remember
"Theo đoạn văn, tại khu vực Đông Nam Á thời kỳ từ thế kỉ VII đến thế kỉ X, vương quốc Sri Vijaya nổi bật về mặt nào?",Kinh tế nội địa,Thương mại và hàng hải,Quân đội,Nông nghiệp,B,"Đoạn văn nêu rõ: 'Vương quốc Sri Vijaya rất đông dân cư và có một đạo quân hùng mạnh. Không ai có thể dùng một chiếc tàu, dù là chạy nhanh nhất, mà trong hai năm đi hết các đảo.'","'Vương quốc Sri Vijaya rất đông dân cư và có một đạo quân hùng mạnh. Không ai có thể dùng một chiếc tàu, dù là chạy nhanh nhất, mà trong hai năm đi hết các đảo.'",52,page_052_01,hard,apply
"Theo đoạn văn, khu vực Đông Nam Á có vị trí địa lý như thế nào?",Vị trí trung tâm của châu Á,Vị trí địa lí thuận lợi giữa lục địa và biển,Được bao quanh bởi biển cả,Nằm ở phía đông bắc Thái Bình Dương,B,Đoạn văn đề cập đến vị trí địa lý thuận lợi của khu vực Đông Nam Á giữa lục địa và biển.,"Trình bày sơ lược vị trí địa lí của khu vực Đông Nam Á. Với vị trí địa lí như vậy, các vương quốc ở Đông Nam Á đã chịu ảnh hưởng từ bên ngoài như thế nào trong quá trình ra đời và phát triển?",53,page_053_01,easy,remember
"Theo đoạn văn, từ khóa nào không được đề cập đến trong quá trình hình thành các vương quốc cổ ở Đông Nam Á?",Đồ sắt,Lúa nước,Tây Ban Nha,Nhiệt đới,C,"Trong đoạn văn, các từ khóa được đề cập đến là nhiệt đới, lúa nước và đồ sắt. Không có Tây Ban Nha.","Viết một đoạn mô tả về quá trình ra đời các vương quốc cổ ở Đông Nam Á từ thế kỉ VII TCN đến thế kỉ VII dựa vào những từ khoá sau: nhiệt đới, lúa nước, đồ sắt, Ấn Độ, Trung Quốc, Đông Nam Á.",53,page_053_01,medium,remember
Vương quốc nào được đề cập là đã nhanh chóng trở thành một vương quốc hùng mạnh ở khu vực phía nam Biển Đông?,Phù Nam,Ca-lin-ga,Champa,Sri Vi-giay-a,B,Vương quốc Ca-lin-ga được đề cập là đã nhanh chóng trở thành một vương quốc hùng mạnh ở khu vực phía nam Biển Đông.,"Cư dân của Vương quốc Ca-lin-ga (miền Trung Gia-va, In-đô-nê-xi-a) có nhiều kinh nghiệm trồng lúa và buôn bán bằng đường biển nên đã nhanh chóng trở thành một vương quốc hùng mạnh ở khu vực phía nam Biển Đông.",54,page_054_01,medium,remember
"Theo đoạn văn, thương nhân Ấn Độ tăng cường hoạt động ở Đông Nam Á với mục đích gì?",Tấn công các vương quốc khác,Trao đổi hàng hóa,Xây dựng cảng thị,Khám phá biển cả,B,"Đoạn văn cho biết thương nhân Ấn Độ tăng cường hoạt động ở Đông Nam Á với mục đích trao đổi hàng hóa, đặc biệt là vàng bạc.","Từ khoảng thế kỷ I, do nhu cầu trao đổi hàng hoá, đặc biệt là vàng bạc, thương nhân Ấn Độ đã tăng cường hoạt động ở Đông Nam Á, tập trung ở các cảng thị lớn của các vương quốc Phù Nam, Ca-lin-ga, Sri Vi-giay-a, ...",54,page_054_01,easy,remember
"Theo đoạn văn, Vương quốc Ca-lin-ga đã tấn công Champa vào những năm nào?",500 và 600,774 và 787,1000 và 1100,Không có thông tin,B,Vương quốc Ca-lin-ga từng tấn công Champa vào năm 774 và 787.,Họ từng đem quân vượt biển tấn công Chăm-pa (năm 774 và năm 787).,54,page_054_01,hard,remember
Thương nhân Trung Quốc đã mở rộng quan hệ buôn bán với các trung tâm thương mại nào ở vùng Đông Nam Á?,Bangkok,Sri Vijaya,Hà Nội,Tokyo,B,CONTEXT đề cập đến Sri Vijaya là một trung tâm thương mại ở Đông Nam Á.,thương nhân Trung Quốc cũng đã mở rộng quan hệ buôn bán với các trung tâm thương mại vùng Đông Nam Á hải đảo như Sri Vijaya,55,page_055_01,easy,remember
Đông Nam Á cung cấp sản vật tự nhiên nào cho thị trường?,Gỗ quý,Hàng điện tử,Nhựa,Dệt may,A,"CONTEXT nêu rõ Đông Nam Á cung cấp gỗ quý, hương liệu, ngà voi, đồi mồi, ngọc trai cho thị trường.","Đông Nam Á là nơi cung cấp các sản vật tự nhiên như: gỗ quý, hương liệu, ngà voi, đồi mồi, ngọc trai,...",55,page_055_01,easy,remember
Các vương quốc ở Đông Nam Á đã đóng góp những mặt hàng nào trên các tuyến buôn bán?,Điện thoại,Thịt bò,Gỗ quý và đồ đồng,Rau củ,C,"CONTEXT cho biết các vương quốc ở Đông Nam Á đã đóng góp gỗ quý, đồi mồi, ngọc trai, len, dạ, đồ đồng, đồ sứ.","Các vương quốc ở Đông Nam Á đã đóng góp nhiều mặt hàng chủ lực trên những tuyến buôn bán đường biển kết nối Á – Âu. Các sản phẩm như: len, dạ, đồ đồng, đồ sứ,...",55,page_055_01,medium,remember
Loại hình kiến trúc phổ biến ở Đông Nam Á trong các thế kỷ đầu Công nguyên đến thế kỷ X là gì?,Đền tháp,Cung điện,Thành phố,Nhà sàn,A,"Trong CONTEXT có đề cập: 'Loại hình kiến trúc phổ biến là đền tháp, như tháp Chăm (Việt Nam), khu đền Bô-rô-bu-đua và Pram-ba-nan (In-đô-nê-xi-a), chùa Suê-đa-gon (Mi-an-ma),... '","Loại hình kiến trúc phổ biến là đền tháp, như tháp Chăm (Việt Nam), khu đền Bô-rô-bu-đua và Pram-ba-nan (In-đô-nê-xi-a), chùa Suê-đa-gon (Mi-an-ma),...",56,page_056_01,easy,remember
Cư dân Đông Nam Á sáng tạo ra chữ viết riêng dựa trên hệ thống chữ cổ của quốc gia nào?,Nhật Bản,Ấn Độ,Hàn Quốc,Trung Quốc,B,"CONTEXT ghi rõ: 'Trong đó, loại hình kiến trúc phổ biến là đền tháp, như tháp Chăm (Việt Nam), khu đền Bô-rô-bu-đua và Pram-ba-nan (In-đô-nê-xi-a), chùa Suê-đa-gon (Mi-an-ma),... Tiếp thu hệ thống chữ cổ của Ấn Độ, cư dân Đông Nam Á đã sáng tạo ra chữ viết riêng,...'","Tiếp thu hệ thống chữ cổ của Ấn Độ, cư dân Đông Nam Á đã sáng tạo ra chữ viết riêng,...",56,page_056_01,medium,remember
Năm nào được đề cập trong CONTEXT để đánh dấu sự xuất hiện của chữ viết Châm khắc?,965,1000,1400,1200,A,"CONTEXT nêu rõ: 'Chữ viết Châm khắc trên bìa Pô Na-ga, (Nha Trang, Khánh Hòa, Việt Nam, năm 965)', đây là thông tin chính xác nhất trong đoạn văn.","Chữ viết Châm khắc trên bìa Pô Na-ga, (Nha Trang, Khánh Hòa, Việt Nam, năm 965)",56,page_056_01,easy,remember
Văn học nào được đề cập trong CONTEXT đã được sáng tạo ra ở Đông Nam Á?,Ra-ma Khiên,Đền tháp,Riêm Kê,Chữ viết Châm khắc,A,"CONTEXT nêu rõ: 'Bên cạnh kho tàng văn học dân gian, cư dân Đông Nam Á cũng tiếp thu văn học của Ấn Độ và sáng tạo ra những bộ sử thi như: Ra-ma Khiên (Thái Lan), Riêm Kê (Cam-pu-chia),...'","cư dân Đông Nam Á cũng tiếp thu văn học của Ấn Độ và sáng tạo ra những bộ sử thi như: Ra-ma Khiên (Thái Lan), Riêm Kê (Cam-pu-chia),...",56,page_056_01,medium,remember
"Theo thông tin trong CONTEXT, Tháp Pô Na-ga là công trình kiến trúc chịu ảnh hưởng từ đâu?",Văn hóa Nhật Bản,Văn hóa Hàn Quốc,Văn hóa Trung Quốc,Văn hóa Ấn Độ,D,"Tháp Pô Na-ga là một công trình kiến trúc chịu ảnh hưởng sâu đậm của văn hoá Ấn Độ, được đề cập trong CONTEXT.","Tháp Pô Na-ga là một công trình kiến trúc chịu ảnh hưởng sâu đậm của văn hoá Ấn Độ. Hiện nay, tháp Pô Na-ga là một địa điểm du lịch hấp dẫn của du khách khi đến tham quan thành phố Nha Trang.",57,page_057_01,easy,remember
"Trong quá trình giao lưu văn hóa, Phật giáo và Hin-đu giáo đã du nhập vào Đông Nam Á từ đâu?",Từ Ấn Độ,Từ Trung Quốc,Từ Nhật Bản,Từ Hàn Quốc,A,Phật giáo và Hin-đu giáo du nhập vào Đông Nam Á là một tác động của quá trình giao lưu văn hóa được đề cập trong CONTEXT.,Phật giáo và Hin-đu giáo du nhập vào Đông Nam Á,57,page_057_01,medium,remember
"Theo thông tin, Tháp Pô Na-ga hiện nay đóng vai trò gì trong thành phố Nha Trang?",Thư viện công cộng,Trung tâm thương mại,Địa điểm du lịch,Nhà hát nghệ thuật,C,"Tháp Pô Na-ga là một địa điểm du lịch hấp dẫn của du khách khi đến tham quan thành phố Nha Trang, được đề cập trong CONTEXT.",Tháp Pô Na-ga là một địa điểm du lịch hấp dẫn của du khách khi đến tham quan thành phố Nha Trang.,57,page_057_01,easy,remember
"Theo thông tin, hình 11.7 thể hiện phong cách điêu khắc tượng Phật từ quốc gia nào?",Campuchia,Việt Nam,Thái Lan,Lào,C,"Đầu tượng Phật theo phong cách Đva-ra-va-ti (Thái Lan, thế kỉ VIII) được đề cập trong CONTEXT.","Đầu tượng Phật theo phong cách Đva-ra-va-ti (Thái Lan, thế kỉ VIII)",57,page_057_01,medium,remember
Nước Văn Lang ra đời vào khoảng thời gian nào?,Thế kỷ VIII TCN,Thế kỷ VII TCN,Thế kỷ VI TCN,Thế kỷ V TCN,B,"Theo văn bản, nước Văn Lang ra đời vào khoảng thế kỉ VII TCN.","Vào khoảng thế kỉ VII TCN, cư dân Lạc Việt đã sống quây quần ở lưu vực các con sông lớn như sông Hồng, sông Mã, sông Cả,...",58,page_058_01,easy,remember
Lãnh thổ chủ yếu của nước Văn Lang thuộc khu vực nào của Việt Nam hiện nay?,Nam Bộ,Đông Nam Bộ,Trung Bộ và Bắc Trung Bộ,Tây Nguyên,C,"Theo văn bản, lãnh thổ chủ yếu của nước Văn Lang thuộc lưu vực các con sông thuộc Bắc Bộ và Bắc Trung Bộ ngày nay.",Nước Văn Lang ra đời ở địa bàn chủ yếu ở lưu vực các con sông thuộc Bắc Bộ và Bắc Trung Bộ ngày nay.,58,page_058_01,medium,remember
Đứng đầu nhà nước Văn Lang là ai?,Hùng Vương,Chủ tịch Hồ Chí Minh,Phong Châu,Vua Hùng,A,"Theo văn bản, đứng đầu nhà nước Văn Lang là Hùng Vương.","Đứng đầu nhà nước là Hùng Vương (Vua Hùng), đóng đô ở Phong Châu (thuộc Phú Thọ ngày nay).",58,page_058_01,easy,remember
Nước Văn Lang ra đời do nhu cầu nào?,Sản xuất nông nghiệp,Chống ngoại xâm,Phân hoá giàu nghèo,Làm thuỷ lợi,B,"Theo văn bản, nhu cầu chống ngoại xâm đã thúc đẩy sự ra đời của nước Văn Lang.",Nhu cầu làm thuỷ lợi và chống ngoại xâm đã thúc đẩy sự ra đời của nước Văn Lang.,58,page_058_01,hard,analyze
Quan hệ giữa Vua Hùng và lạc dân như thế nào theo văn bản?,Vua Hùng và lạc dân sống riêng biệt,"Vua Hùng và lạc dân quan hệ gần gũi, cùng làm việc",Vua Hùng và lạc dân chỉ quan hệ trong thời chiến,Vua Hùng và lạc dân không có quan hệ,B,"Theo văn bản, Vua Hùng và lạc dân sống gần gũi, cùng làm việc như cày ruộng, tắm sông, săn bắn.","""cùng cày ruộng, cùng tắm sông, cùng săn bắn, cùng xem hội""",59,page_059_01,easy,remember
"Khi có chiến tranh, ai là người tập hợp trai tráng để cùng chiến đấu?",Chiềng,Lạc tướng,Chạ,Vua Hùng,D,"Theo văn bản, khi có chiến tranh, Vua Hùng cùng các Lạc tướng tập hợp trai tráng ở khắp các chiềng, chạ để cùng chiến đấu.","Khi có chiến tranh, Vua Hùng cùng các Lạc tướng tập hợp trai tráng ở khắp các chiềng, chạ để cùng chiến đấu.",59,page_059_01,hard,apply
Cư dân Văn Lang thường ở đâu?,Ở khu rừng rậm,Trên đỉnh núi,Trong các thành phố lớn,"Ở ven đồi hoặc vùng đất cao ven sông, ven biển",D,"Cư dân Văn Lang sống ở các chiềng, chạ ở ven đồi hoặc vùng đất cao ven sông, ven biển.","Cư dân Văn Lang sống trong các chiềng, chạ ở ven đồi hoặc ở vùng đất cao ven sông, ven biển.",60,page_060_01,easy,remember
Nhà sàn của cư dân Văn Lang được làm bằng những vật liệu nào?,"Gỗ, tre, nứa, lá","Hợp kim, nhựa, bê tông","Da, lông thú","Gỗ, đá, gạch",A,"Nhà sàn của cư dân Văn Lang được làm bằng gỗ, tre, nứa, lá.","Nhà ở phổ biến là nhà sàn làm bằng gỗ, tre, nứa, lá,...",60,page_060_01,easy,remember
"Ngày lễ, nữ cư dân Văn Lang thường mặc trang phục như thế nào?",Váy xoè kết bằng lông chim,Váy đơn giản,Áo dài truyền thống,Quần và áo phông,A,"Ngày lễ, nữ cư dân Văn Lang mặc váy xoè kết bằng lông chim, đội mũ cắm lông chim hoặc bông lau.","Ngày lễ, nữ mặc váy xoè kết bằng lông chim, đội mũ cắm lông chim hoặc bông lau.",60,page_060_01,medium,remember
Phương tiện đi lại chính của cư dân Văn Lang trên sông là gì?,Horse,Xe đạp,Thuyền,Tàu thủy,C,Phương tiện đi lại chủ yếu của cư dân Văn Lang trên sông là thuyền.,Phương tiện đi lại chủ yếu của cư dân Văn Lang trên sông là thuyền.,60,page_060_01,easy,remember
"Trong dịp lễ hội ở Văn Lang, người dân thường làm gì?",Đấu vật trên núi,Xăm mình để tránh thủy quái,Nhảy múa và ca hát,Thắp đèn lồng,C,"Trong văn bản đề cập đến việc mọi người thích hóa trang, vui chơi, nhảy múa, ca hát trong tiếng khèn, tiếng trống đồng.","Trong những ngày lễ hội, mọi người thích hoá trang, vui chơi, nhảy múa, ca hát trong tiếng khèn, tiếng trống đồng náo nức.",61,page_061_01,easy,remember
Cư dân Văn Lang có tục gì liên quan đến việc ăn uống?,Đốt lửa trại,Nhậu nhẹt,Gói bánh chưng,Thắp hương,C,"Trong văn bản có đề cập đến tục gói bánh chưng, làm bánh giày.","Cư dân Văn Lang có tục gói bánh chưng, làm bánh giày, ăn trầu, nhuộm răng đen, xăm mình, ...",61,page_061_01,easy,remember
"Theo văn bản, tại sao cư dân Văn Lang có tục xăm hình lên người?",Để thể hiện quyền lực,Để bảo vệ môi trường,Để trang trí,Để tránh thủy quái,D,"Theo văn bản, tục xăm hình lên người được thực hiện để tránh thủy quái và hòa nhập với động vật dưới nước.","con người lặn lội vùng sông nước kiếm ăn nên xăm hình lên người để không bị thủy quái làm hại và hòa nhập với động vật ở dưới nước, từ đó mới săn bắt được chúng.",61,page_061_01,medium,analyze
Cư dân Văn Lang thờ các lực lượng tự nhiên nào?,Mặt Trời và Mặt Trăng,Trống đồng,Thủy quái,"Núi, Sông, Đất, Nước",D,"Văn bản nêu rõ cư dân Văn Lang thờ các lực lượng tự nhiên như núi, sông, Mặt Trời, Mặt Trăng, đất, nước, ...","ngoài tín ngưỡng thờ cúng tổ tiên, cư dân Văn Lang còn thờ các lực lượng tự nhiên, như núi, sông, Mặt Trời, Mặt Trăng, đất, nước, ...",61,page_061_01,hard,apply
"Theo thông tin trong đoạn văn, ngày lễ truyền thống nào dưới đây nhằm tưởng nhớ công lao dựng nước của các Vua Hùng?",Ngày Quốc khánh,Ngày Giao thừa,Lễ hội Đền Thượng,Giỗ Tổ Hùng Vương,D,Giỗ Tổ Hùng Vương là một ngày lễ truyền thống của người Việt Nam nhằm tưởng nhớ công lao dựng nước của các Vua Hùng.,"Giỗ Tổ Hùng Vương (hay Lễ hội Đền Hùng, Quốc giỗ) là một ngày lễ truyền thống của người Việt Nam nhằm tưởng nhớ công lao dựng nước của các Vua Hùng, được tổ chức vào ngày 10 tháng Ba (âm lịch) hằng năm tại Đền Hùng (Việt Trì, Phú Thọ).",62,page_062_01,easy,remember
"Theo đoạn văn, hoa văn trên trống đồng trong các hình 12.3 đến 12.5 cho chúng ta biết điều gì về đời sống vật chất của cư dân Văn Lang?",Họ thường đi săn bắn,Họ giỏi trồng lúa,Họ thích chơi trò chơi,Họ có kỹ thuật chế tác đồ đồng cao,D,Hoa văn trên trống đồng cho thấy cư dân Văn Lang có kỹ thuật chế tác đồ đồng cao.,? – Những hoa văn trên trống đồng trong các hình 12.3 đến 12.5 cho em biết gì về đời sống vật chất của cư dân Văn Lang?,62,page_062_01,medium,understand
"Theo đoạn văn, tín ngưỡng thờ cúng Hùng Vương đã được UNESCO công nhận là Di sản văn hoá phi vật thể đại diện của nhân loại vào ngày nào?",6-12-2012,30-4-2015,15-8-2019,22-12-2020,A,Tín ngưỡng thờ cúng Hùng Vương đã được UNESCO công nhận là Di sản văn hoá phi vật thể đại diện của nhân loại vào ngày 6-12-2012.,Tín ngưỡng thờ cúng Hùng Vương đã được UNESCO công nhận là Di sản văn hoá phi vật thể đại diện của nhân loại vào ngày 6-12-2012.,62,page_062_01,easy,remember
"Theo đoạn văn, phong tục nào dưới đây từ thời Văn Lang vẫn còn được người Việt lưu giữ?",Chôn cất trong thạp,Lễ hội Đền Hùng,Dùng mộ thuyền,Thắp nến ở đền thờ,B,"Ngày nay, phong tục Lễ hội Đền Hùng từ thời Văn Lang vẫn còn được người Việt lưu giữ.","Giỗ Tổ Hùng Vương (hay Lễ hội Đền Hùng, Quốc giỗ) là một ngày lễ truyền thống của người Việt Nam nhằm tưởng nhớ công lao dựng nước của các Vua Hùng, được tổ chức vào ngày 10 tháng Ba (âm lịch) hằng năm tại Đền Hùng (Việt Trì, Phú Thọ).",62,page_062_01,medium,apply
"Theo thông tin trong đoạn văn, vào khoảng thời gian nào quân Tần tiến đánh Văn Lang?",Khoảng cuối thế kỷ III TCN,Khoảng giữa thế kỷ III TCN,Khoảng đầu thế kỷ III TCN,Khoảng đầu thế kỷ II TCN,A,Đoạn văn đề cập đến việc quân Tần tiến đánh Văn Lang vào khoảng cuối thế kỉ III TCN.,"Vào khoảng cuối thế kỉ III TCN, quân Tần tiến đánh Văn Lang.",63,page_063_01,easy,remember
Thục Phán đã lãnh đạo ai chiến đấu chống lại quân Tần?,Người Văn Lang,Người Việt,Người Âu Việt và Lạc Việt,Người Hán,C,Thục Phán là thủ lĩnh của người Âu Việt có sức mạnh và mưu lược đã lãnh đạo người Âu Việt và Lạc Việt chiến đấu.,Thục Phán là thủ lĩnh của người Âu Việt có sức mạnh và mưu lược đã lãnh đạo người Âu Việt và Lạc Việt chiến đấu giành thắng lợi.,63,page_063_01,medium,remember
"Theo đoạn văn, An Dương Vương là ai?",Thủ lĩnh của Văn Lang,Thủ lĩnh của nước Âu Lạc,Quốc vương của nước Văn Lang,Hùng Vương,B,"An Dương Vương là tên gọi khác của Thục Phán, thủ lĩnh đã lãnh đạo người Âu Việt và Lạc Việt thành lập nước Âu Lạc.","""An Dương Vương thế Hùng Vương, Quốc danh Âu Lạc cấm quyền trị dân"".",63,page_063_01,medium,remember
"Theo đoạn văn, quân Tần tiến đánh Văn Lang với mục đích gì?",Đầu hàng,Xâm lược và chiếm đóng,Hợp tác,Chiến đấu chống lại,B,"Quân Tần tiến đánh Văn Lang với mục đích xâm lược và chiếm đóng, dẫn đến sự ra đời của nước Âu Lạc.","Vào khoảng cuối thế kỉ III TCN, quân Tần tiến đánh Văn Lang.",63,page_063_01,hard,analyze
Năm nào Thục Phán lên ngôi và xưng là An Dương Vương?,105 AD,208 AD,105 BC,208 TCN,D,Thục Phán lên ngôi và xưng là An Dương Vương vào năm 208 TCN.,"Sau thắng lợi của cuộc kháng chiến, vào năm 208 TCN, Thục Phán lên ngôi, xưng là An Dương Vương.",64,page_064_01,easy,remember
Vùng đất nào không thuộc phạm vi nước Âu Lạc?,Địa bàn người Âu Việt,Địa bàn người Hán,Địa bàn người Yue,Địa bàn người Lạc Việt,B,"Nước Âu Lạc bao gồm vùng đất cũ của người Âu Việt và Lạc Việt, không có địa bàn người Hán hoặc người Yue.","Hai vùng đất cũ của người Âu Việt và Lạc Việt hợp lại thành một nước, lấy tên là Âu Lạc.",64,page_064_01,medium,remember
Kinh đô của nước Âu Lạc được dời đến đâu?,Hà Nội,Phong Khê,Cổ Loa,Đông Anh,B,Kinh đô của nước Âu Lạc được dời xuống Phong Khê.,"Kinh đô được dời xuống Phong Khê (nay là Cổ Loa, Đông Anh, Hà Nội).",64,page_064_01,easy,remember
"Sau khi định đô ở Phong Khê, An Dương Vương đã xây thành nào?",Đông Anh,Hà Nội,Cổ Loa,Phong Khê,C,"Sau khi định đô ở Phong Khê, An Dương Vương đã xây thành Cổ Loa.","Sau khi định đô ở Phong Khê, An Dương Vương đã xây thành Cổ Loa và nơi đây trở thành trung tâm của nước Âu Lạc.",64,page_064_01,medium,remember
"Theo thông tin trong CONTEXT, thời gian ra đời và lãnh thổ chủ yếu của nước Âu Lạc thuộc khu vực nào của Việt Nam hiện nay?",Trung Bộ,Đông Bắc Bộ,Nam Bộ,Thái Nguyên,B,"CONTEXT không cung cấp thông tin chi tiết về vị trí địa lý hiện nay của lãnh thổ Âu Lạc, nhưng theo ngữ cảnh, thời kỳ này thuộc Đông Bắc Bộ.",PDF Page 65 Tổ chức Nhà nước Âu Lạc không có nhiều thay đổi so với tổ chức Nhà nước Văn Lang.,65,page_065_01,medium,remember
"Theo thông tin trong CONTEXT, An Dương Vương nắm giữ vị trí nào trong nhà nước Âu Lạc?",Tướng quân,Chưởng quản bộ,Quan Thượng Thư,Vua,D,"CONTEXT nêu rõ: Đứng đầu nhà nước là An Dương Vương, nắm giữ mọi quyền hành và có quyền thế cao hơn trong việc trị nước.","CONTEXT: Đứng đầu nhà nước là An Dương Vương, nắm giữ mọi quyền hành và có quyền thế cao hơn trong việc trị nước.",65,page_065_01,easy,remember
"Theo thông tin trong CONTEXT, vũ khí đặc sắc của nước Âu Lạc được gọi là gì?",Lưỡi kiếm,Vũ khí sắt,Nó Liên Châu,Đạn pháo,C,CONTEXT nêu rõ: Nó Liên Châu là vũ khí đặc sắc của nước Âu Lạc.,CONTEXT: Nó Liên Châu là vũ khí đặc sắc của nước Âu Lạc.,65,page_065_01,easy,remember
Cư dân Âu Lạc đã sử dụng loại vải nào trong đời sống hàng ngày?,Vải vạn tuế,Vải lụa,Vải sợi đay,Vải bông,C,"Trong văn bản, có đề cập đến việc cư dân Âu Lạc đã mặc nhiều loại vải được làm từ sợi đay.","Họ còn biết làm muối, mắm cá và dùng gừng làm gia vị. Các đồ dùng sinh hoạt trong gia đình như: bình, vò, tháp, mâm, chậu, bát làm bằng gốm, đồng hoặc tre, nứa, mây, vỏ bầu đã phong phú hơn.",66,page_066_01,medium,remember
Cư dân Âu Lạc tổ chức những lễ hội nào hàng năm?,Hội chợ nông sản,Hội đấu vật,Lễ hội mùa xuân,Hội đua thuyền,B,"Trong văn bản, có đề cập đến việc tổ chức nhiều lễ hội như: hội ngày mùa, hội đấu vật, đua thuyền,... hàng năm.","Các tín ngưỡng, phong tục, tập quán cũ vẫn tiếp tục được duy trì và phát triển. Nhiều lễ hội như: hội ngày mùa, hội đấu vật, đua thuyền,... được tổ chức hằng năm.",66,page_066_01,medium,remember
Cư dân Âu Lạc đã ăn những loại quả nào?,Dưa hấu,Chuối,Cam,Quả dừa,B,"Trong văn bản, có đề cập đến việc cư dân Âu Lạc ăn nhiều loại quả như chuối, cam,...","ngoài đồ ăn quen thuộc (cơm nếp, cơm tẻ, rau, cà, thịt, cá,...), cư dân còn ăn nhiều loại quả như chuối, cam,...",66,page_066_01,easy,remember
Lễ hội Cổ Loa được tổ chức nhằm tưởng nhớ công lao của ai?,An Dương Vương,Đinh Bộ Lĩnh,Vua Hùng,Nguyễn Huệ,A,Lễ hội Cổ Loa được tổ chức nhằm tưởng nhớ công lao của An Dương Vương.,Lễ hội được tổ chức nhằm tưởng nhớ công lao của An Dương Vương và thể hiện đạo lí “Uống nước nhớ nguồn”,67,page_067_01,easy,remember
Lễ hội Cổ Loa được tổ chức ở đâu?,Hà Nội,"Đông Anh, Hà Nội","Việt Trì, Phú Thọ",Khu di tích Đền Hùng,B,"Lễ hội Cổ Loa được tổ chức tại Khu di tích thành Cổ Loa (Đông Anh, Hà Nội).","lễ hội Cổ Loa được tổ chức tại Khu di tích thành Cổ Loa (Đông Anh, Hà Nội)",67,page_067_01,easy,remember
"Sau khi chiếm được Âu Lạc, các triều đại phong kiến phương Bắc đã chia thành các đơn vị hành chính nào?",Huyện,Thị trấn,Quận,Thành phố,C,Đây là một trong những chính sách cai trị của các triều đại phong kiến phương Bắc.,"Chính sách cai trị về chính trị Sau khi chiếm được Âu Lạc, các triều đại phong kiến phương Bắc đã chia thành các quận, huyện và sáp nhập vào lãnh thổ Trung Quốc.",68,page_068_01,easy,remember
Trị sở của chính quyền đô hộ nhà Hán trong thời kì đầu Bắc thuộc là nơi nào?,Đông Kinh,Thành cổ Luy Lâu,Hà Nội,Phú Thọ,B,Trị sở của chính quyền đô hộ nhà Hán trong thời kì đầu Bắc thuộc là Thành cổ Luy Lâu.,"Thành cổ Luy Lâu (nay thuộc huyện Thuận Thành, tỉnh Bắc Ninh) vốn là trị sở của chính quyền đô hộ nhà Hán trong các thế kỉ đầu thời Bắc thuộc.",68,page_068_01,medium,remember
"Trong thời kỳ Bắc thuộc, đứng đầu các làng, xã ở Việt Nam vẫn là ai?",Hào trưởng người Hán,Hào trưởng người Việt,Quan viên địa phương,Đô đốc quân sự,B,"Trong thời kỳ Bắc thuộc, đứng đầu các làng, xã ở Việt Nam vẫn là hào trưởng người Việt.","Tuy nhiên, đứng đầu các làng, xã vẫn là hào trưởng người Việt.",68,page_068_01,easy,remember
"Theo văn bản, Luy Lâu không chỉ là trung tâm chính trị mà còn thể hiện sự giao thoa kinh tế, văn hóa như thế nào?",Với nhiều di tích tôn giáo,"Với số lượng phong phú, đa dạng của các hiện vật khảo cổ",Với khu phố thương mại lớn,Với hệ thống trường học và bệnh viện,B,"Luy Lâu không chỉ là trung tâm chính trị mà còn thể hiện sự giao thoa kinh tế, văn hóa thông qua số lượng phong phú, đa dạng của các hiện vật khảo cổ.","Không chỉ là trung tâm chính trị, với số lượng phong phú, đa dạng của các hiện vật khảo cổ, Luy Lâu còn là nơi thể hiện sự giao thoa kinh tế, văn hoá tiêu biểu trong giai đoạn lịch sử này.",68,page_068_01,hard,analyze
Nhà Hán đã gộp các quận ở đâu với nước ta?,Pháp,An Nam,Trung Quốc,Nam Bộ,C,"Theo thông tin trong CONTEXT, nhà Hán đã gộp các quận ở nam Trung Quốc với nước ta.","Nhà Hán chia nước ta thành ba quận: Giao Chỉ, Cửu Chân, Nhật Nam, gộp với các quận ở nam Trung Quốc thành châu Giao.",69,page_069_01,medium,remember
"Theo đoạn văn, chính quyền đô hộ tập trung xây dựng thành luỹ lớn ở đâu?",Thành Thăng Long,Thành Tống Bình,Thành Đại La (Hà Nội),Thành Luy Lâu (Bắc Ninh),D,"Đoạn văn nêu rõ: 'chính quyền đô hộ còn tập trung xây dựng các thành luỹ lớn như thành Luy Lâu (Bắc Ninh), thành Tống Bình, thành Đại La (Hà Nội)', cho thấy thành Luân nằm trong số những thành lũy được đề cập.","PDF Page 70 Chính quyền đô hộ còn tập trung xây dựng các thành luỹ lớn như thành Luy Lâu (Bắc Ninh), thành Tống Bình, thành Đại La (Hà Nội),...",70,page_070_01,easy,remember
"Theo đoạn văn, mục đích chính của các triều đại phong kiến phương Bắc khi đặt nước ta thành quận, huyện trực thuộc Trung Quốc là gì?",Để bảo vệ biên giới,Để quản lý dân cư,Để phát triển văn hóa,Để bóc lột kinh tế,D,"Trong đoạn văn, nêu rõ: 'các triều đại phong kiến phương Bắc chủ trương đặt nước ta thành quận, huyện trực thuộc Trung Quốc nhằm mục đích bóc lột về kinh tế'.","- Chính sách cai trị về chính trị của các triều đại phong kiến phương Bắc đối với người Việt thời Bắc thuộc thể hiện như thế nào? - Các triều đại phong kiến phương Bắc chủ trương đặt nước ta thành quận, huyện trực thuộc Trung Quốc nhằm mục đích gì?",70,page_070_01,medium,understand
"Theo thông tin trong đoạn văn, một con trâu chỉ đổi được bao nhiêu muối theo quy định của tiệt độ sứ Lý Trác?",4 đấu,3 đấu,2 đấu,1 đấu,D,"Theo đoạn văn, tiệt độ sứ Lý Trác quy định rằng 'một con trâu chỉ đổi được một đấu muối'.","(1) Tiết độ sứ Lý Trác từng quy định rằng, một con trâu chỉ đổi được một đấu muối.",70,page_070_01,easy,remember
Các triều đại phong kiến phương Bắc đưa người Hán sang sinh sống lâu dài ở nước ta với mục đích chính là gì?,Tăng cường quân sự.,Phát triển kinh tế nông nghiệp.,Giúp người Hán có nơi định cư.,Truyền bá văn hóa và ngôn ngữ Trung Quốc.,D,"Để truyền bá văn hoá, phong tục phương Bắc đối với người Việt.","đồng thời mở trường lớp dạy chữ Hán, áp dụng luật Hán và tìm cách truyền bá văn hoá, phong tục phương Bắc đối với người Việt.",71,page_071_01,medium,understand
"Theo đoạn văn, trong thời Bắc thuộc, nghề thủ công nào xuất hiện mới?",Đúc đồng,Sewing.,Làm gốm,Làm thuỷ tinh,D,Nghề làm thuỷ tinh là nghề mới xuất hiện trong thời Bắc thuộc.,"làm thuỷ tinh, ...",71,page_071_01,easy,remember
"Theo đoạn văn, việc đặt quan thứ sử ở đâu nhằm mục đích gì?",Trấn thủ và cai quản,Học viết qua loa và võ vẽ,Phát triển kinh tế nông nghiệp,Tăng cường quân sự,A,"Đặt quan thứ sử để trấn thủ và cai quản, đồng thời đưa người Trung Quốc sang ở lẫn với dân bản thổ.","đặt quan thứ sử để trấn thủ và cai quản, rồi đưa người Trung Quốc sang ở lẫn với dân bản thổ",71,page_071_01,hard,apply
"Theo thông tin trong CONTEXT, từ đầu Công nguyên ở Việt Nam xuất hiện các trường dạy chữ Hán tại đâu?",Tại các tỉnh,Tại các xã,Tại các huyện,Tại các quận,D,"Theo thông tin, từ đầu Công nguyên ở Việt Nam xuất hiện các trường dạy chữ Hán tại các quận.",ở Việt Nam xuất hiện các trường dạy chữ Hán tại các quận,72,page_072_01,easy,remember
Chùa Dâu được xây dựng vào năm nào theo thông tin trong CONTEXT?,1953,2013,226,187,D,"Theo thông tin, Chùa Dâu được khởi công xây dựng năm 187 và hoàn thành năm 226.","Chùa Dâu (xã Thanh Khương, huyện Thuận Thành, tỉnh Bắc Ninh) là một trong những ngôi chùa cổ nhất Việt Nam, được khởi công xây dựng năm 187 và hoàn thành năm 226.",73,page_073_01,easy,remember
Năm nào Chùa Dâu được công nhận là Di tích quốc gia đặc biệt?,2013,226,187,1953,A,"Theo thông tin, tháng 12-2013, Chùa Dâu được công nhận là Di tích quốc gia đặc biệt.","Tháng 12-2013, chùa Dâu được công nhận là Di tích quốc gia đặc biệt.",73,page_073_01,easy,remember
"Theo thông tin, Chùa Dâu tọa lạc ở đâu?",Thành phố Hà Nội,Tỉnh Nam Định,"Huyện Gia Lâm, thành phố Hà Nội","Huyện Thuận Thành, tỉnh Bắc Ninh",D,"Theo thông tin, Chùa Dâu tọa lạc ở xã Thanh Khương, huyện Thuận Thành, tỉnh Bắc Ninh.","Chùa Dâu (xã Thanh Khương, huyện Thuận Thành, tỉnh Bắc Ninh) là một trong những ngôi chùa cổ nhất Việt Nam",73,page_073_01,easy,remember
"Theo thông tin, Chùa Dâu được xây dựng vào thời kỳ nào?",Hậu Lê,Trung Quốc,Phong kiến phương Bắc,Đông La,C,"Theo thông tin, Chùa Dâu là một trong những ngôi chùa cổ nhất Việt Nam, được xây dựng vào thời kỳ phong kiến phương Bắc.","Chùa Dâu (xã Thanh Khương, huyện Thuận Thành, tỉnh Bắc Ninh) là một trong những ngôi chùa cổ nhất Việt Nam, được khởi công xây dựng năm 187 và hoàn thành năm 226.",73,page_073_01,medium,remember
"Trong thời kỳ Bắc thuộc, tinh thần yêu nước của nhân dân Việt Nam được thể hiện như thế nào theo đoạn văn?",Nhờ sự hòa bình và ổn định mang lại bởi các triều đại này,Đoàn kết với các triều đại Bắc thuộc để phát triển kinh tế,Bằng việc chấp nhận sự cai trị của các triều đại ngoại bang,Qua những cuộc khởi nghĩa chống lại các triều đại Bắc thuộc,D,"Theo đoạn văn, tinh thần yêu nước được thể hiện qua những cuộc khởi nghĩa chống lại các triều đại Bắc thuộc.","Dân ta có một lòng nồng nàn yêu nước. Đó là một truyền thống quý báu của ta. Từ xưa tới nay, mỗi khi Tổ quốc bị xâm lăng, thì tinh thần ấy lại sôi nổi, nó kết thành một làn sóng vô cùng mạnh mẽ, to lớn, nó lướt qua mọi sự nguy hiểm, khó khăn, nó nhấn chìm tất cả lũ bán nước và lũ cướp nước.",74,page_074_01,medium,understand
"Theo đoạn văn, tinh thần yêu nước của nhân dân Việt Nam thể hiện như thế nào trong các cuộc khởi nghĩa?",Nó yếu ớt và dễ bị đánh bại,Nó không thể vượt qua các khó khăn trong thời kỳ Bắc thuộc,Nó chỉ xuất hiện khi có sự can thiệp từ triều đại Bắc thuộc,Nó sôi nổi và mạnh mẽ,D,"Theo đoạn văn, tinh thần yêu nước sôi nổi và mạnh mẽ, nhấn chìm tất cả lũ bán nước và cướp nước.","nó kết thành một làn sóng vô cùng mạnh mẽ, to lớn, nó lướt qua mọi sự nguy hiểm, khó khăn, nó nhấn chìm tất cả lũ bán nước và lũ cướp nước",74,page_074_01,easy,remember
"Theo đoạn văn, mục đích của các cuộc khởi nghĩa trong thời Bắc thuộc là gì?",Để bảo vệ quyền lợi của triều đại Bắc thuộc,Để chống lại sự xâm lược và giành độc lập cho dân tộc,Để củng cố quyền lực của các vua chúa địa phương,Để phát triển kinh tế và văn hóa,B,"Theo đoạn văn, mục đích của các cuộc khởi nghĩa là chống lại sự xâm lược và giành độc lập cho dân tộc.","mỗi khi Tổ quốc bị xâm lăng, thì tinh thần ấy lại sôi nổi, nó kết thành một làn sóng vô cùng mạnh mẽ, to lớn, nó lướt qua mọi sự nguy hiểm, khó khăn, nó nhấn chìm tất cả lũ bán nước và lũ cướp nước",74,page_074_01,medium,analyze
"Theo đoạn văn, tinh thần yêu nước của nhân dân Việt Nam thể hiện qua những cuộc khởi nghĩa như thế nào?",Qua sự đoàn kết và đấu tranh chống lại các triều đại Bắc thuộc,Đoàn kết với các triều đại Bắc thuộc để phát triển kinh tế,Bằng việc chấp nhận sự cai trị của các triều đại Bắc thuộc,Nhờ sự hòa bình và ổn định mang lại bởi các triều đại này,A,"Theo đoạn văn, tinh thần yêu nước thể hiện qua sự đoàn kết và đấu tranh chống lại các triều đại Bắc thuộc.","mỗi khi Tổ quốc bị xâm lăng, thì tinh thần ấy lại sôi nổi, nó kết thành một làn sóng vô cùng mạnh mẽ, to lớn, nó lướt qua mọi sự nguy hiểm, khó khăn, nó nhấn chìm tất cả lũ bán nước và lũ cướp nước",74,page_074_01,hard,apply
Trung Trắc là con gái của ai?,Tô Định,Lạc tướng huyện Mê Linh,Hùng Vương,Thi Sách,B,"Trong văn bản, có đề cập Trung Trắc là con gái của Lạc tướng huyện Mê Linh.",Lạc tướng huyện Mê Linh (Hà Nội ngày nay).,75,page_075_01,easy,remember
"Trong lễ xuất quân, Hai Bà Trưng đã thề gì?",Tô Định sẽ bị trừng phạt,Ba kẻo oan ức lòng chồng,Hai xin đem lại nghiệp xưa họ Hùng,Một xin rửa sạch nước thù,D,"Trong văn bản, có đề cập lời thề của Hai Bà Trưng: 'Một xin rửa sạch nước thù'.","""Một xin rửa sạch nước thù""",75,page_075_01,medium,remember
"Sau khi khởi nghĩa, nghĩa quân của Hai Bà Trưng đã hạ thành nào?",Luy Lâu,Cổ Loa,Hát Môn,Phúc Thọ,B,"Trong văn bản, có đề cập nghĩa quân của Hai Bà Trưng hạ thành Cổ Loa.","hạ thành Cổ Loa, tiến đánh và làm chủ Luy Lâu (Bắc Ninh).",75,page_075_01,medium,remember
"Sau khi giành thắng lợi, Hai Bà Trưng xưng vương ở đâu?",Mê Linh,Đông Hồ,Trung Quốc,Hát Môn,A,"Theo văn bản, sau khi giành thắng lợi, Trưng Trắc xưng vương và đóng đô ở Mê Linh.","Sau khi giành thắng lợi, Trưng Trắc xưng vương, đóng đô ở Mê Linh.",76,page_076_01,easy,remember
"Theo văn bản, Hai Bà Trưng đã gieo mình xuống sông nào?",Đông Hồ,Hát tuần tiết,Mê Linh,Hát Môn,B,"Theo văn bản, Hai Bà Trưng đã gieo mình xuống sông Hát tuần tiết.","Tương truyền, Hai Bà Trưng đã gieo mình xuống sông Hát tuần tiết (năm 43).",76,page_076_01,medium,remember
"Theo Đại Việt sử kí toàn thư, cuộc khởi nghĩa Hai Bà Trưng thể hiện tinh thần gì của người Việt?",Tôn giáo,Truyền thống,Kinh tế,Yêu nước,D,"Theo văn bản, cuộc khởi nghĩa Hai Bà Trưng thể hiện tinh thần yêu nước của người Việt.","""Trưng Trắc, Trưng Nhị là đàn bà, hô một tiếng mà các quận Cửu Chân, Nhật Nam, Hợp Phố (...) đều hưởng ứng. Việc dựng nước xưng vương dễ như trở bàn tay, đủ biết tinh thể đất Việt ta có thể dựng được nghiệp bá vương"".",76,page_076_01,hard,analyze
"Theo CONTEXT, Lý Bí quê ở đâu?","Xã Tiên Phong, huyện Phổ Yên, tỉnh Thái Nguyên","Châu Giã Năng, xứ Kinh Bắc",Châu Thanh Hoá,Thành phố Hà Nội,B,"Lý Bí quê ở châu Giã Năng, xứ Kinh Bắc (nay là xã Tiên Phong, huyện Phổ Yên, tỉnh Thái Nguyên).","Trong CONTEXT: Lý Bí (503 – 548), quê ở châu Giã Năng, xứ Kinh Bắc (nay là xã Tiên Phong, huyện Phổ Yên, tỉnh Thái Nguyên).",78,page_078_01,easy,remember
Nhà Lương áp đặt chính sách gì khiến người Việt cảm thấy bất bình?,Quy định chỉ những người ở phương Bắc được làm quan,Tăng thuế đối với người dân,Chỉ cho phép những người thuộc dòng họ vua giữ chức quan to,Hạn chế quyền tự do di chuyển của người dân,C,"Theo CONTEXT, nhà Lương quy định chỉ những người thuộc dòng họ vua và một số dòng họ lớn ở phương Bắc mới được giữ chức vụ quan trọng từ cấp huyện trở lên.","Trong CONTEXT: đặc biệt, nhà Lương quy định chỉ những người thuộc dòng họ vua và một số dòng họ lớn ở phương Bắc mới được giữ chức vụ quan trọng từ cấp huyện trở lên. Chính sách này làm tăng thêm mâu thuẫn vốn có giữa người Việt với chính quyền phong kiến phương Bắc.",78,page_078_01,hard,analyze
Năm nào Lý Bí lãnh đạo người Việt nổi dậy khởi nghĩa?,550,544,542,540,C,Lý Bí lãnh đạo người Việt nổi dậy khởi nghĩa vào Mùa Xuân năm 542.,"Mùa Xuân năm 542, Lý Bí đã lãnh đạo người Việt nổi dậy khởi nghĩa.",79,page_079_01,easy,remember
Nước Vạn Xuân được thành lập vào năm nào?,545,544,542,540,B,Nước Vạn Xuân được thành lập vào Mùa Xuân năm 544.,"Mùa Xuân năm 544, nước Vạn Xuân được thành lập.",79,page_079_01,easy,remember
Triệu Quang Phục rút quân về đâu để xây dựng căn cứ kháng chiến?,Khuất Lão,Long Biên,Dạ Trạch,Vạn Xuân,C,"Triệu Quang Phục rút quân về đầm Dạ Trạch (Khoái Châu, Hưng Yên) để xây dựng căn cứ kháng chiến.","Triệu Quang Phục rút quân về xây dựng căn cứ tại đầm Dạ Trạch (Khoái Châu, Hưng Yên), tổ chức kháng chiến lâu dài.",79,page_079_01,medium,remember
Cuộc khởi nghĩa Lý Bí và nước Vạn Xuân để lại những bài học quý báu về tinh thần nào cho lịch sử dân tộc Việt Nam?,Phát triển kinh tế,Kháng chiến kiên trì,Tôn giáo,Học vấn,B,"Cuộc khởi nghĩa Lý Bí và nước Vạn Xuân để lại những bài học quý báu về tinh thần kháng chiến kiên trì, cách đánh du kích sáng tạo cho lịch sử dân tộc Việt Nam.","cuộc kháng chiến của nhân dân nước Vạn Xuân chống lại quân Lương xâm lược còn để lại những bài học quý báu về tinh thần kháng chiến kiên trì, cách đánh du kích sáng tạo cho lịch sử dân tộc Việt Nam sau này.",79,page_079_01,hard,analyze
Năm nào Mai Thúc Loan phát động cuộc khởi nghĩa?,713,705,722,730,A,"Theo thông tin trong đoạn văn, Mai Thúc Loan phát động cuộc khởi nghĩa năm 713.","Năm 713, Mai Thúc Loan phát động cuộc khởi nghĩa và nhanh chóng làm chủ vùng đất Hoan Châu.",80,page_080_01,easy,remember
Cuộc khởi nghĩa của Mai Thúc Loan đã thu hút bao nhiêu người tham gia?,30 vạn,10 vạn,50 vạn,20 vạn,C,"Theo thông tin trong đoạn văn, cuộc khởi nghĩa đã thu hút hàng chục vạn người tham gia.",Cuộc khởi nghĩa đã nhanh chóng thu hút hàng chục vạn người ở khắp các vùng miền tham gia.,80,page_080_01,medium,remember
"Sau khi cuộc khởi nghĩa bị dập tắt, nhà Đường đã đưa bao nhiêu quân sang đàn áp?",30 vạn,20 vạn,10 vạn,5 vạn,C,"Theo thông tin trong đoạn văn, nhà Đường đưa 10 vạn quân sang đàn áp cuộc khởi nghĩa Mai Thúc Loan.","Năm 722, nhà Đường đưa 10 vạn quân sang đàn áp. Một thời gian sau, cuộc khởi nghĩa Mai Thúc Loan bị dập tắt.",80,page_080_01,hard,remember
"Sau khi chiếm được thành Tống Bình, Phùng Hưng đã làm gì tiếp theo?",Tạo ra chính quyền tự chủ,Đánh đuổi quân nhà Đường,Hợp tác với nhà Đường,Qua đời,D,"Trong đoạn văn, có đề cập rằng Phùng Hưng qua đời không lâu sau khi chiếm được thành Tống Bình.","Tuy nhiên, không lâu sau khi chiếm được thành và sắp đặt việc cai trị, Phùng Hưng qua đời.",81,page_081_01,medium,remember
Cuộc khởi nghĩa nào đã kết thúc vào cuối thế kỷ VIII theo đoạn văn?,Khởi nghĩa Lê Lợi,Khởi nghĩa Phùng Hưng,Khởi nghĩa Mai Thúc Loan,Khởi nghĩa Hai Bà Trưng,B,"Đoạn văn nói rằng cuối thế kỷ VIII, nhà Đường đưa quân sang đàn áp và cuộc khởi nghĩa Phùng Hưng kết thúc.","Cuối thế kỉ VIII, nhà Đường đưa quân sang đàn áp, cuộc khởi nghĩa kết thúc.",81,page_081_01,medium,remember
"Theo đoạn văn, ý nghĩa lịch sử của các cuộc khởi nghĩa Mai Thúc Loan và Phùng Hưng là gì?",Hợp tác với nhà Đường,Cổ vũ tinh thần đấu tranh giành độc lập,Đánh đuổi quân nhà Hán,Tạo ra chính quyền tự chủ,B,Đoạn văn nêu rõ ý nghĩa lịch sử của các cuộc khởi nghĩa là cổ vũ tinh thần đấu tranh giành độc lập hoàn toàn.,các cuộc khởi nghĩa này đã cổ vũ trực tiếp cho tinh thần đấu tranh giành độc lập hoàn toàn của người Việt đầu thế kỉ X.,81,page_081_01,hard,analyze
"Trong cuộc khởi nghĩa của Hai Bà Trưng, nguyên nhân chính là gì?","Việc Bắc thuộc gây áp bức, bóc lột người dân",Do tranh chấp lãnh thổ với các triều đại khác,Đối phó với dịch bệnh,Để chiếm đoạt quyền lực địa phương,A,"Nguyên nhân chính của cuộc khởi nghĩa Hai Bà Trưng là do Bắc thuộc gây áp bức, bóc lột người dân.","Trong các cuộc khởi nghĩa tiêu biểu của người Việt từ đầu Công nguyên đến trước thế kỉ X, em hãy trình bày nguyên nhân, diễn biến, kết quả, ý nghĩa lịch sử của một cuộc khởi nghĩa mà em thấy ấn tượng nhất.",82,page_082_01,medium,remember
Cuộc khởi nghĩa Hai Bà Trưng diễn ra vào khoảng thời gian nào?,Khoảng năm 20-40 sau Công nguyên,Khoảng năm 400-450 sau Công nguyên,Khoảng năm 150-200 sau Công nguyên,Khoảng năm 300-350 sau Công nguyên,A,Cuộc khởi nghĩa Hai Bà Trưng diễn ra vào khoảng năm 20-40 sau Công nguyên.,"Trong các cuộc khởi nghĩa tiêu biểu của người Việt từ đầu Công nguyên đến trước thế kỉ X, em hãy trình bày nguyên nhân, diễn biến, kết quả, ý nghĩa lịch sử của một cuộc khởi nghĩa mà em thấy ấn tượng nhất.",82,page_082_01,easy,remember
Bà Triệu là một trong những nữ tướng nổi tiếng thời Bắc thuộc. Em hãy nêu một điểm di tích liên quan đến Bà Triệu?,Đền Mẫu,Đền Hùng,Đền Bạch Mã,Đền Thượng,D,Đền Thượng là một trong những điểm di tích liên quan đến Bà Triệu.,"Trong vai hướng dẫn viên du lịch, em hãy giới thiệu một số điểm di tích liên quan đến các nhân vật lịch sử thời Bắc thuộc như Hai Bà Trưng, Bà Triệu, Lý Bí, Mai Thúc Loan, Phùng Hưng,...",82,page_082_01,easy,remember
"Trong thời Bắc thuộc, người Việt đã giữ gìn văn hóa dân tộc như thế nào?",Thay đổi hoàn toàn để phù hợp với triều đại phong kiến phương Bắc,Kiên trì bảo tồn những giá trị văn hóa cốt lõi từ thời dựng nước,Chỉ giữ gìn văn hóa trong các tầng lớp quý tộc,Bỏ qua hoàn toàn các giá trị văn hóa Hán,B,"Theo đoạn trích, những giá trị văn hoá cốt lõi của dân tộc tiếp tục được giữ gìn trong các làng xã.","""Tuy nhiên, những giá trị văn hoá cốt lõi của dân tộc vốn có từ thời dựng nước tiếp tục được giữ gìn trong các làng xã của người Việt.""",83,page_083_01,medium,understand
"Theo đoạn trích, triều đại phong kiến phương Bắc đã thực hiện chính sách gì để đồng hóa dân tộc?",Chính sách bảo tồn văn hóa dân tộc,Chính sách đô hộ về kinh tế,Chính sách đồng hoá về văn hóa,Chính sách giáo dục,C,Đoạn trích nêu rõ chính sách đồng hoá về văn hóa của các triều đại phong kiến phương Bắc.,"""bên cạnh chính sách đô hộ về chính trị và bóc lột về kinh tế, chính sách đồng hoá về văn hoá luôn được các triều đại phong kiến phương Bắc thực hiện""",83,page_083_01,easy,remember
Những giá trị văn hóa cốt lõi của dân tộc Việt Nam đã được giữ gìn trong thời Bắc thuộc ở đâu?,Trong các triều đại phong kiến phương Bắc,Trong các làng xã của người Việt,Trong các tầng lớp quý tộc,Ở các thành phố lớn,B,"Theo đoạn trích, những giá trị văn hóa cốt lõi tiếp tục được giữ gìn trong các làng xã của người Việt.","""những giá trị văn hoá cốt lõi của dân tộc vốn có từ thời dựng nước tiếp tục được giữ gìn trong các làng xã của người Việt""",83,page_083_01,medium,remember
"Theo đoạn trích, mục đích chính sách đô hộ của triều đại phong kiến phương Bắc là gì?",Để bóc lột kinh tế và thực hiện chính sách đồng hoá về văn hóa,Để giữ gìn các giá trị văn hóa cốt lõi,Để bảo vệ văn hóa dân tộc,Để phát triển kinh tế địa phương,A,"Theo đoạn trích, mục đích của chính sách đô hộ là bóc lột về kinh tế và thực hiện chính sách đồng hoá về văn hóa.","""bên cạnh chính sách đô hộ về chính trị và bóc lột về kinh tế, chính sách đồng hoá về văn hoá luôn được các triều đại phong kiến phương Bắc thực hiện""",83,page_083_01,hard,analyze
"Trong thời Bắc thuộc, sản phẩm thủ công nào thể hiện sự giao thoa văn hoá giữa người Việt và người Hán?",Chậu đống Lạch Trường,Khay gồm Lạch Trường,Trống đống Tân Long,Âm có vòi hình đầu gà,D,Sản phẩm thủ công này kết hợp kỹ thuật của người Hán với họa tiết trang trí của văn hoá Việt.,"Âm được làm từ kỹ thuật gồm men của người Hán, nhưng vòi ấm trang trí hình đầu gà, con vật gần gũi của người Việt.",84,page_084_01,medium,analyze
Hình 16.2 thể hiện một nét văn hóa nào của người Việt?,Tín ngưỡng thờ cúng tổ tiên,Trò chơi dân gian,Nhạc cụ truyền thống,Làng cổ,A,Hình 16.2 đề cập đến tín nguồn thờ cúng tổ tiên.,<center>Hình 16.2. Tín nguồn thờ cúng tổ tiên vẫn được giữ gìn đến ngày nay</center>,84,page_084_01,easy,remember
"Theo đoạn văn, Phật giáo và Đạo giáo đã được người Việt tiếp nhận như thế nào?",Chỉ ở tầng lớp quý tộc,Phổ biến và sâu sắc hơn,Chỉ giới hạn trong khu vực miền Bắc,Không có dấu hiệu gì,B,"Do đoạn văn nêu rõ: 'Phật giáo, Đạo giáo được người Việt tiếp nhận một cách tự nhiên, phổ biến, sâu sắc hơn.'","Trên bia có nội dung: “Tất cả các bậc từ hoàng đế (...) đến thứ dân (...) đều thuận theo lời dạy của đức Phật, mãi thoát khỏi cõi khổ ải trầm luân, cùng hưởng quả phúc”.",85,page_085_01,medium,remember
"Theo đoạn văn, ngôn ngữ Việt Nam thời bấy giờ đã tiếp thu thêm từ đâu?",Hán,Anh,Pháp,Nhật,A,"Do đoạn văn nêu rõ: 'người Việt vẫn giữ được những yếu tố của tiếng Việt truyền thống, đồng thời tiếp thu thêm nhiều lớp từ Hán và chữ Hán.'","người Việt vẫn giữ được những yếu tố của tiếng Việt truyền thống, đồng thời tiếp thu thêm nhiều lớp từ Hán và chữ Hán.",85,page_085_01,easy,remember
"Theo đoạn văn, bia Xá lợi tháp minh khắc bao nhiêu chữ Hán?",1.530,1.200,1.400,1.800,A,Do đoạn văn nêu rõ: 'Thân chuông khắc 1.530 chữ Hán'.,"Thân chuông khắc 1.530 chữ Hán, không chỉ ca ngợi Phật giáo mà còn nhắc đến nhiều địa danh và nhiều chức quan ở Việt Nam đương thời.",85,page_085_01,medium,remember
"Theo đoạn văn, nội dung của bia Xá lợi tháp minh đề cập đến điều gì?",Chỉ ca ngợi Phật giáo,Không có nội dung nào,Chỉ nhắc đến địa danh và chức quan,Đề cập đến cả việc mọi người theo lời dạy đức Phật,D,"Do đoạn văn nêu rõ: 'Tất cả các bậc từ hoàng đế (...) đến thứ dân (...) đều thuận theo lời dạy của đức Phật, mãi thoát khỏi cõi khổ ải trầm luân, cùng hưởng quả phúc'.","“Tất cả các bậc từ hoàng đế (...) đến thứ dân (...) đều thuận theo lời dạy của đức Phật, mãi thoát khỏi cõi khổ ải trầm luân, cùng hưởng quả phúc”.",85,page_085_01,hard,analyze
"Trong quá trình giành quyền tự chủ của nhân dân Việt Nam, người nào đã tập hợp nhân dân chiếm thành Đại La vào năm 905?",Khúc Thừa Dụ,Độc Cô Tổn,Khúc Hạo,Ngô Quyền,A,"Theo văn bản, Khúc Thừa Dụ đã tập hợp nhân dân chiếm thành Đại La vào năm 905.","Từ cuối thế kỉ IX, nhà Đường ngày càng suy yếu. Giữa năm 905, nhân cơ hội Tiết độ sứ Độc Cô Tổn bị giáng chức, Khúc Thừa Dụ đã tập hợp nhân dân chiếm thành Đại La (Hà Nội), tự xưng Tiết độ sứ.",86,page_086_01,easy,remember
Năm nào nhà Đường phong Khúc Thừa Dụ làm Tiết độ sứ An Nam?,906,905,904,907,A,"Theo văn bản, năm 906, hoàng đế nhà Đường buộc phải công nhận, phong Khúc Thừa Dụ làm Tiết độ sứ An Nam.","Đầu năm 906, hoàng đế nhà Đường buộc phải công nhận, phong Khúc Thừa Dụ làm Tiết độ sứ An Nam.",86,page_086_01,easy,remember
"Theo văn bản, Khúc Hạo là con trai của ai?",Ngô Quyền,Họ Dương,Độc Cô Tổn,Khúc Thừa Dụ,D,"Theo văn bản, Khúc Hạo là con trai của Khúc Thừa Dụ.","Năm 907, Khúc Thừa Dụ qua đời. Con trai ông là Khúc Hạo lên nối nghiệp, vẫn xưng Tiết độ sứ.",86,page_086_01,medium,remember
"Theo văn bản, tại sao Khúc Thừa Dụ có thể tập hợp nhân dân chiếm thành Đại La vào năm 905?",Nhà Đường suy yếu,Độc Cô Tổn bị giáng chức,Tính khoan hòa của Khúc Thừa Dụ,Dân chúng nể phục,A,"Theo văn bản, nhà Đường suy yếu và nhân cơ hội Tiết độ sứ Độc Cô Tổn bị giáng chức, Khúc Thừa Dụ đã tập hợp nhân dân chiếm thành Đại La.","Giữa năm 905, nhân cơ hội Tiết độ sứ Độc Cô Tổn bị giáng chức, Khúc Thừa Dụ đã tập hợp nhân dân chiếm thành Đại La (Hà Nội), tự xưng Tiết độ sứ.",86,page_086_01,hard,analyze
Ý nghĩa của cải cách của Khúc Hạo là gì?,Tăng cường sức mạnh quân sự,Đem lại sự yên vui cho nhân dân,Gây bất mãn trong dân chúng,Giảm bớt quyền lực của chính quyền,B,Nhân dân đều được yên vui do các chính sách cải cách của Khúc Hạo.,"""Chính sự cốt chuộng khoan dung giản dị. Nhân dân đều được yên vui""",87,page_087_01,medium,understand
Dương Đình Nghệ đã làm gì để khôi phục nền tự chủ?,Tạo ra một liên minh với các nước láng giềng,Nhận chức Tiết độ sứ từ Nam Hán,Xây dựng lại thành phố Ái Châu,Kéo quân đánh bại chính quyền Nam Hán và chiếm Đại La,D,Dương Đình Nghệ đã kéo quân từ Ái Châu tiến đánh và nhanh chóng làm chủ thành Đại La.,"""Đầu năm 931, Dương Đình Nghệ – một tướng của họ Khúc – kéo quân từ Ái Châu tiến đánh và nhanh chóng làm chủ thành Đại La""",87,page_087_01,hard,apply
Sông Bạch Đằng chảy giữa địa phận hai nơi nào sau đây?,Huyện Thủy Nguyên và thành phố Hải Phòng,Thị xã Cẩm Phả và huyện Bình Liêu,Thị xã Quảng Yên và huyện Thuỷ Nguyên,Thành phố Hạ Long và thị xã Đông Triều,C,Sông Bạch Đằng chảy giữa địa phận thị xã Quảng Yên (Quảng Ninh) và huyện Thuỷ Nguyên (Hải Phòng).,"PDF Page 89 Sông Bạch Đằng chảy giữa địa phận thị xã Quảng Yên (Quảng Ninh) và huyện Thuỷ Nguyên (Hải Phòng) ngày nay, sau đó đổ ra biển.",89,page_089_01,easy,remember
"Trong trận đánh tại cửa biển Bạch Đằng năm 938, Lưu Hoằng Tháo đã mắc bẫy của Ngô Quyền như thế nào?",Được quân Ngô Quyền đuổi theo,Thua trận và rút lui,Bị cọc ngầm chận lại,Vượt qua bãi cọc ngầm mà không biết,D,"Lưu Hoằng Tháo sai quân đuổi theo, vượt qua khu vực có bãi cọc ngầm mà không hề hay biết.","Cuối năm 938, Lưu Hoằng Tháo dẫn quân tiến vào khu vực cửa biển Bạch Đằng. Khi nước triều dâng cao, Ngô Quyền cử quân ra đánh và giả vờ thua. Lưu Hoằng Tháo sai quân đuổi theo, vượt qua khu vực có bãi cọc ngầm mà không hề hay biết.",89,page_089_01,medium,apply
Tên gọi khác của sông Bạch Đằng là gì?,Sông Thuỷ Nguyên,Sông Rừng,Sông Hải Phòng,Sông Quảng Yên,B,"Hai bên bờ hạ lưu sông Bạch Đằng có rừng rậm um tùm, nhân dân trong vùng gọi là sông Rừng.","Xưa kia, hai bên bờ hạ lưu sông Bạch Đằng có rừng rậm um tùm, nhân dân trong vùng gọi là sông Rừng.",89,page_089_01,easy,remember
"Trong trận đánh tại cửa biển Bạch Đằng năm 938, Ngô Quyền đã làm gì để tạo ra lợi thế?",Lắp đặt bãi cọc ngầm,Tiến vào khu vực cửa biển,Sai quân giả vờ thua,Chạy trốn khỏi trận đánh,C,"Ngô Quyền cử quân ra đánh và giả vờ thua, để Lưu Hoằng Tháo sai quân đuổi theo, vượt qua khu vực có bãi cọc ngầm mà không hề hay biết.","Khi nước triều dâng cao, Ngô Quyền cử quân ra đánh và giả vờ thua. Lưu Hoằng Tháo sai quân đuổi theo, vượt qua khu vực có bãi cọc ngầm mà không hề hay biết.",89,page_089_01,hard,analyze
"Theo CONTEXT, tại sao quân Nam Hán bị đánh bại trong trận Bạch Đằng năm 938?","Vì nước triều rút mạnh, bãi cọc ngầm lộ ra",Ngô Quyền sử dụng vũ khí hóa học,Do chiến lược phòng thủ hiệu quả của Ngô Quyền,Quân Nam Hán bị bệnh dịch,A,"Nước triều rút mạnh, bãi cọc ngầm lộ ra khiến các chiến thuyền của quân Nam Hán va vào bãi cọc và chìm.","""Bị đánh bắt ngờ, quân Nam Hán quay đầu tháo chạy. Nước triều rút ngày càng mạnh, bãi cọc ngầm lộ ra""",90,page_090_01,easy,remember
"Theo CONTEXT, Nét độc đáo trong nghệ thuật đánh giặc của Ngô Quyền thể hiện qua điểm nào?",Sử dụng vũ khí hóa học,Sử dụng nước triều để tạo lợi thế,Tấn công vào ban đêm,Đánh bại 10 vạn quân Nam Hán,B,Nét độc đáo trong nghệ thuật đánh giặc của Ngô Quyền thể hiện qua việc sử dụng nước triều để tạo lợi thế.,"""Bị đánh bắt ngờ, quân Nam Hán quay đầu tháo chạy. Nước triều rút ngày càng mạnh""",90,page_090_01,easy,remember
"Theo CONTEXT, công lao của Ngô Quyền đối với lịch sử dân tộc được thể hiện như thế nào?",Thiết lập chế độ chính trị mới,Tạo ra hệ thống giáo dục mới,Xây dựng đền thờ ở Đường Lâm vào thời Nguyễn,Đánh đuổi quân Nam Hán và mở ra thời kỳ độc lập,D,Công lao của Ngô Quyền đối với lịch sử dân tộc được thể hiện qua việc đánh đuổi quân Nam Hán và mở ra thời kỳ độc lập.,"""Tiền Ngô Vương [Ngô Quyền] có thể lấy quân mới họp của đất Việt ta mà phá được trăm vạn quân của Lưu Hoằng Tháo, mở nước xưng vương""",90,page_090_01,hard,analyze
Nơi nào dưới đây được cho là nơi phát hiện khu vực tháp cổ đầu tiên của Vương quốc Chăm-pa?,Tượng Lâm,Sa Huỳnh,Nhật Nam,"Duy Phú, huyện Duy Xuyên, tỉnh Quảng Nam",D,"Toàn bộ lính Pháp đã tình cờ phát hiện khu vực tháp cổ trong một thung lũng ở Mỹ Sơn, nay thuộc xã Duy Phú, huyện Duy Xuyên, tỉnh Quảng Nam.","Năm 1885, một toán lính Pháp đã tình cờ phát hiện khu vực tháp cổ trong một thung lũng có đường kính khoảng 2 km ở Mỹ Sơn (nay thuộc xã Duy Phú, huyện Duy Xuyên, tỉnh Quảng Nam).",92,page_092_01,easy,remember
"Theo thông tin trong đoạn văn, khu vực tháp cổ được phát hiện có đường kính khoảng bao nhiêu?",2 km,3 km,1 km,4 km,A,Khu vực tháp cổ được mô tả có đường kính khoảng 2 km.,khu vực tháp cổ trong một thung lũng có đường kính khoảng 2 km ở Mỹ Sơn,92,page_092_01,easy,remember
Nhân dân huyện Tượng Lâm nổi dậy vì lý do gì?,Vì muốn thành lập vương quốc mới,Do không hài lòng với chính sách thuế của nhà Hán,Do bị nhà Hán cai trị,Để bảo vệ nền Văn hoá Sa Huỳnh,C,Nhân dân huyện Tượng Lâm đã liên tục nổi dậy vì cai trị của nhà Hán.,"Ngay từ buổi đầu cai trị của nhà Hán, nhân dân huyện Tượng Lâm đã ""cậy nơi hiểm trở"" liên tục nổi dậy.",92,page_092_01,medium,remember
Tỉnh nào dưới đây không phải là phần lãnh thổ mà người Chăm cổ sống?,Quảng Ngãi,Bình Định,Hà Nội,Quảng Nam,C,"Tỉnh Hà Nội không phải là phần lãnh thổ mà người Chăm cổ sống, trong khi Quảng Nam, Quảng Ngãi và Bình Định đều có.","Tượng Lâm là huyện xa nhất của quận Nhật Nam (nay thuộc Quảng Nam, Quảng Ngãi, Bình Định)",92,page_092_01,hard,analyze
Hoạt động kinh tế nào dưới đây không phải là hoạt động chính của cư dân Champa?,Hàng hải và đánh bắt cá,Nông nghiệp trồng lúa nước,Khai thác mỏ kim loại,Đóng thuyền,C,Trong văn bản không đề cập đến khai thác mỏ kim loại.,"Hoạt động kinh tế chủ yếu của cư dân Champa là sản xuất nông nghiệp trồng lúa nước, một năm hai vụ. Bên cạnh đó, nghề làm gốm, xây dựng, khai thác lâm sản, đóng thuyền, đánh bắt cá,... cũng rất phát triển.",93,page_093_01,easy,remember
Tên gọi 'Sri' trong danh xưng của các vua Champa có ý nghĩa gì?,Đế chế,Thiên thần,Tối cao,Vũ trụ,C,"Trong danh xưng của mình, các vua Champa luôn kèm theo chữ Sri. Trong tiếng Phạn, Sri nghĩa là 'đấng tối cao'.","Nội dung gắn với đời vua Sri Ma-ra. (Sri trong tiếng Phạn nghĩa là “đấng tối cao”. Trong danh xưng của mình, các vua Champa luôn kèm theo chữ Sri).",93,page_093_01,medium,remember
"Trong xã hội Champa, tầng lớp nào đứng đầu?",Tăng lữ,Quý tộc,Vua,Nông dân,C,"Xã hội Champa có sự phân chia giàu, nghèo với các tầng lớp chính: tăng lữ, quý tộc, nông dân, dân tự do, nô lệ. Vua là 'đấng tối cao', đứng đầu vương quốc.","Trong xã hội Chăm-pa, vua là “đấng tối cao”, đứng đầu vương quốc. Bộ máy nhà nước được tổ chức từ trung ương đến địa phương (gồm các châu, huyện, làng).",93,page_093_01,easy,remember
Cư dân Champa thờ tín ngưỡng nào?,Tín ngưỡng đa thần,Tín ngưỡng Monotheistic,Tín ngưỡng Atheistic,Tín ngưỡng Pantheistic,A,"Theo văn bản, cư dân Champa thờ tín ngưỡng đa thần (thần Núi, thần Nước, thần Lúa, thần Biển,...) và du nhập các tôn giáo từ bên ngoài.","Về tín ngưỡng, tôn giáo, cư dân Champa thờ tín ngưỡng đa thần (thần Núi, thần Nước, thần Lúa, thần Biển,...) và du nhập các tôn giáo từ bên ngoài (Phật giáo, Hin-đu giáo,...).",94,page_094_01,easy,remember
"Đền, tháp nào dưới đây không phải là công trình kiến trúc của cư dân Champa?",Phật viện Đồng Dương (Quảng Nam),Đền Thượng (Hà Nội),Đền Po Nagar,Thánh địa Mỹ Sơn,B,"Theo văn bản, cư dân Champa xây dựng nhiều đền, tháp thờ thần, Phật như: Thánh địa Mỹ Sơn, Phật viện Đồng Dương (Quảng Nam),... Công trình Đền Thượng (Hà Nội) không phải là của cư dân Champa.","Cư dân Champa xây dựng nhiều đền, tháp thờ thần, Phật như: Thánh địa Mỹ Sơn, Phật viện Đồng Dương (Quảng Nam),...",94,page_094_01,medium,apply
"Trong lễ hội của cư dân Champa, phần nào sau đây không phải là một yếu tố quan trọng?",Âm nhạc truyền thống,Cúng tế,Lễ vật,Điệu múa đương đại,D,"Theo văn bản, trong lễ hội, cúng tế và âm nhạc truyền thống là phần không thể thiếu. Đạo múa đương đại không được đề cập.","Trong lễ hội, cúng tế và âm nhạc truyền thống là phần không thể thiếu.",94,page_094_01,hard,analyze
Bảo tàng Điêu khắc Chăm Đà Nẵng nằm ở đâu?,"Số 5, đường Nguyễn Văn Linh","Số 2, đường 2 tháng 9, quận Hải Châu","Số 2, đường 30 tháng 4","Số 1, đường Lê Duẩn",B,Địa điểm cụ thể của bảo tàng được nêu rõ trong văn bản.,"Bảo tàng Điêu khắc Chăm Đà Nẵng (số 2, đường 2 tháng 9, quận Hải Châu, thành phố Đà Nẵng)",95,page_095_01,easy,remember
Vương quốc Champa có phạm vi lãnh thổ bao gồm khu vực nào?,Miền Trung và Tây Nguyên Việt Nam,Miền Nam Việt Nam,Hà Nội,Miền Bắc Việt Nam,A,Phạm vi lãnh thổ của Vương quốc Champa được đề cập trong văn bản.,"1. Lập bảng tóm tắt những nét chính về sự thành lập, quá trình phát triển; phạm vi lãnh thổ; hoạt động kinh tế và tổ chức xã hội của Vương quốc Chăm-pa.",95,page_095_01,medium,remember
Đài thờ Trà Kiệu được trưng bày ở đâu?,Trung tâm Văn hóa Đà Nẵng,Nhà hát lớn Đà Nẵng,Bảo tàng Điêu khắc Chăm Đà Nẵng,Di tích lịch sử Mỹ Sơn,C,Đài thờ Trà Kiệu được mô tả là một trong những trưng bày tại Bảo tàng Điêu khắc Champa.,Hình 18.7. Đài thờ Trà Kiệu (Bảo tàng Điêu khắc Chăm Đà Nẵng),95,page_095_01,easy,remember
Văn hóa Champa nổi bật với những thành tựu nghệ thuật nào?,Điêu khắc đá,Kiến trúc gỗ,Tranh thêu,Nhạc cụ truyền thống,A,Thành tựu văn hóa tiêu biểu của Vương quốc Champa được đề cập đến là điêu khắc.,trưng bày nghệ thuật điêu khắc của cư dân Chăm-pa cổ,95,page_095_01,medium,remember
Vương quốc Phù Nam được thành lập vào khoảng thời kỳ nào?,Khoảng thế kỷ I,Khoảng thế kỷ III,Khoảng thế kỷ VII,Khoảng thế kỷ V,A,"Theo thông tin trong CONTEXT, Vương quốc Phù Nam được thành lập trên cơ sở Văn hoá Óc Eo và sự ảnh hưởng của văn hoá Ấn Độ vào khoảng thế kỷ I.","Khoảng đầu thế kỉ XX, trong khi làm ruộng, nông dân ở vùng Óc Eo (thị trấn Óc Eo, Thoại Sơn, An Giang) đã nhặt được nhiều đồ trang sức quý. Đến năm 1944, Viện Viễn Đông Bác cổ của Pháp đã tổ chức đợt khai quật khảo cổ và phát hiện dấu tích về một vương quốc cổ có phạm vi chủ yếu ở Nam Bộ (Việt Nam) – Vương quốc Phù Nam. Sự thành lập, phát triển và suy vong của Vương quốc Phù Nam diễn ra như thế nào? 1. Sự thành lập, phát triển và suy vong Trên cơ sở Văn hoá Óc Eo và sự ảnh hưởng của văn hoá Ấn Độ, khoảng thế kỉ I, Vương quốc cổ Phù Nam được thành lập, có phạm vi lãnh thổ chủ yếu thuộc Nam Bộ (Việt Nam ngày nay).",96,page_096_01,easy,remember
Sự suy vong của Vương quốc Phù Nam bắt đầu vào khoảng thời kỳ nào?,Khoảng thế kỷ III,Khoảng thế kỷ VI,Khoảng thế kỷ I,Khoảng thế kỷ VII,B,"Theo thông tin trong CONTEXT, Vương quốc Phù Nam dần suy yếu vào khoảng thế kỷ VI và bị Chân Lạp thôn tính vào đầu thế kỷ VII.","Bước vào thế kỉ VI, Phù Nam dần suy yếu. Đến khoảng đầu thế kỉ VII, Phù Nam bị Chân Lạp – một vương quốc của người Khơ-me thôn tính.",96,page_096_01,medium,remember
Hoạt động kinh tế chính của cư dân Vương quốc Phù Nam là gì?,Chăn nuôi,Nông nghiệp,Hàng hải,Thương mại nội địa,B,"Theo thông tin trong CONTEXT, cư dân Phù Nam lấy sản xuất nông nghiệp làm chính.","Dựa vào điều kiện tự nhiên thuận lợi, cư dân Phù Nam lấy sản xuất nông nghiệp làm chính, kết hợp với đánh bắt thuỷ – hải sản, chế tác kim hoàn, sản xuất thủ công và trao đổi, buôn bán. Đặc biệt, ngoại thương đường biển của Phù Nam rất phát triển.",96,page_096_01,easy,remember
Vương quốc Phù Nam trở thành một trong những đế chế mạnh nhất khu vực Đông Nam Á vào khoảng thời kỳ nào?,Khoảng thế kỷ III,Khoảng thế kỷ V,Khoảng thế kỷ I,Khoảng thế kỷ VII,A,"Theo thông tin trong CONTEXT, Vương quốc Phù Nam trở thành một trong những đế chế mạnh nhất khu vực Đông Nam Á từ thế kỉ III đến thế kỉ V.","Từ thế kỉ III đến thế kỉ V, Phù Nam trở thành một trong những đế chế mạnh nhất trong khu vực Đông Nam Á.",96,page_096_01,medium,remember
"Theo thông tin trong CONTEXT, vua Phù Nam nắm giữ quyền gì?",Quyền thương mại,Quyền giáo dục,Quyền nông nghiệp,Quyền hành chính,D,"Vua Phù Nam nắm mọi quyền hành, theo thông tin trong CONTEXT.","Đứng đầu nhà nước là vua, nắm mọi quyền hành, giúp việc là các tăng lữ, quý tộc.",97,page_097_01,easy,remember
Cư dân Phù Nam sử dụng vật liệu nào để làm đồ trang sức?,Đá quý,Thạch cao,Hợp kim,Vàng,D,"Theo thông tin, cư dân Phù Nam ưa sử dụng đồ trang sức làm từ vàng.","Cư dân Phù Nam ưa sử dụng đồ trang sức làm từ nhiều vật liệu khác nhau như vàng, đá quý, ...",97,page_097_01,easy,remember
"Theo thông tin, Phù Nam được coi là trạm trung chuyển cho các tôn giáo nào?",Hồi giáo và Phật giáo,Hindu giáo và Đạo giáo,Đạo giáo và Kitô giáo,Hindu giáo và Phật giáo,D,Phù Nam được coi là trạm trung chuyển cho các tôn giáo Hindu giáo và Phật giáo.,Phù Nam được coi là “trạm trung chuyển” để các tôn giáo này tiếp tục truyền bá sâu rộng hơn vào nhiều vùng đất ở Đông Nam Á.,97,page_097_01,medium,remember
Sơ đồ tổ chức xã hội của Phù Nam bao gồm những lực lượng nào?,"Thủ lĩnh quân sự, vua, tăng lữ","Vua, tăng lữ, thương nhân","Tăng lữ, quý tộc, nông dân","Nông dân, thủ lĩnh địa phương, tăng lữ",C,"Sơ đồ tổ chức xã hội của Phù Nam bao gồm các lực lượng như tăng lữ, quý tộc, nông dân.","Xã hội Phù Nam gồm các lực lượng chính như tăng lữ, quý tộc, nông dân, thương nhân, thợ thủ công.",97,page_097_01,hard,apply
Bếp cà ràng được cư dân Phù Nam sáng tạo vào khoảng thời gian nào?,500 năm trước,2.000 năm trước,3.000 năm trước,1.500 năm trước,B,Bếp cà ràng được sáng tạo khoảng 2.000 năm trước.,"cư dân Phù Nam đã sáng tạo một loại bếp làm từ đất nung, gọi là cà ràng. Bếp có thành che gió, có đáy giữ tro, lại gọn nhẹ nên rất tiện khi dùng trên thuyền hoặc trên sàn gỗ trong đời sống của cư dân vùng sông nước.",99,page_099_01,easy,remember
Bếp cà ràng có đặc điểm gì giúp thuận lợi cho việc sử dụng?,Được làm bằng kim loại,Có thành che gió và đáy giữ tro,Không có chân,Chỉ được dùng trên đất liền,B,"Bếp cà ràng có thành che gió, đáy giữ tro nên rất tiện khi dùng trên thuyền hoặc trên sàn gỗ.","Bếp có thành che gió, có đáy giữ tro, lại gọn nhẹ nên rất tiện khi dùng trên thuyền hoặc trên sàn gỗ trong đời sống của cư dân vùng sông nước.",99,page_099_01,easy,remember
Cư dân Phù Nam sử dụng bếp cà ràng như thế nào?,Dùng trên thuyền và sàn gỗ,Chỉ dùng trong nhà,Chỉ dùng trên đất liền,Không được dùng,A,Bếp cà ràng gọn nhẹ nên rất tiện khi dùng trên thuyền hoặc trên sàn gỗ.,"Bếp có thành che gió, có đáy giữ tro, lại gọn nhẹ nên rất tiện khi dùng trên thuyền hoặc trên sàn gỗ trong đời sống của cư dân vùng sông nước.",99,page_099_01,easy,remember
Cư dân Phù Nam sáng tạo bếp cà ràng để phục vụ nhu cầu nào?,Để làm đồ trang sức,Để nấu ăn,Để đốt lửa,Để làm công trình kiến trúc,B,Bếp cà ràng được sáng tạo để phục vụ nhu cầu nấu ăn.,"cư dân Phù Nam đã sáng tạo một loại bếp làm từ đất nung, gọi là cà ràng. Bếp có thành che gió, có đáy giữ tro, lại gọn nhẹ nên rất tiện khi dùng trên thuyền hoặc trên sàn gỗ trong đời sống của cư dân vùng sông nước.",99,page_099_01,medium,understand
"Khi học về Hí-ma-lay-a, em sẽ sử dụng khái niệm nào để hiểu về đặc điểm của vùng núi này?",Núi cao,Sông lớn,Khí hậu,Địa danh,A,"The context mentions that to understand and remember Himalaya, one will learn about its high mountains, young mountains, and natural differentiation according to altitude zones.","Em sẽ biết đến đây Hí-ma-lay-a, một dãy núi (đúng hơn là cả một vùng núi) cao đồ sộ của thế giới. Để hiểu và nhớ về Hí-ma-lay-a, em sẽ tìm hiểu về đặc điểm của vùng núi này và sẽ sử dụng đến khái niệm núi cao, núi trẻ, sự phân hoá thiên nhiên theo đai cao ở vùng núi.",101,page_101_01,easy,understand
"Trong học Địa lí, em được tìm hiểu về các đối tượng và hiện tượng địa lí như thế nào?",Những câu chuyện cổ tích,Chỉ thông qua sách giáo khoa,Từ các đối tượng và hiện tượng cụ thể trên Trái Đất,Qua việc quan sát trực tiếp,C,"The context states that in Geography, students learn about geographical objects and phenomena such as mountains, rivers, cities, countries, earthquakes, volcanic eruptions, winds, storms, tsunamis, ocean currents, etc.","Khi học Địa lí, em được tìm hiểu về các đối tượng và các hiện tượng địa lí như: núi, sông, các thành phố, các quốc gia, động đất, núi lửa phun trào, gió, bão, sóng thần, dòng biển, ...",101,page_101_01,medium,remember
Các con bão nhiệt đới phân bố ở đâu?,Ở các khu vực ven biển,Trên các vùng núi cao,Ở trung tâm đại dương,Trong lòng đất,A,"Đáp án B là đúng vì văn bản nói đến phân bố của hiện tượng địa lí, cụ thể là bão nhiệt đới ở các khu vực ven biển.",Các con bão nhiệt đới phân bố ở đâu?,101,page_101_02,easy,remember
"Khi học về hiện tượng địa lí, chúng ta thường xác định điều gì?",Thời gian,Độ cao,Chiều rộng,Vị trí địa lí,D,Đáp án B là đúng vì văn bản đề cập đến xác định vị trí địa lí khi học về hiện tượng địa lí.,"khi học Địa lí, em thường xác định vị trí địa lí, sự phân bố của các đối tượng và hiện tượng địa lí trên các bản đồ, lược đồ",101,page_101_02,easy,remember
Câu hỏi 'Ở đâu?' khi học về hiện tượng địa lí giúp ta tìm hiểu gì?,Chiều dài và chiều rộng,Phân bố của một loại hiện tượng địa lí,Đặc điểm chung của đối tượng địa lí,Thời gian diễn ra hiện tượng,B,Đáp án B là đúng vì văn bản nói đến việc câu hỏi 'Ở đâu?' giúp em tìm hiểu về đặc điểm chung trong phân bố một loại hiện tượng địa lí nào đó.,Câu hỏi ‘Ở đâu?’ đối với các hiện tượng địa lí thúc em tìm hiểu về đặc điểm chung trong phân bố một loại hiện tượng địa lí nào đó,101,page_101_02,medium,apply
Mỗi đối tượng địa lí có gì?,Thời gian diễn ra khác nhau,Vị trí địa lí xác định,Phân bố không cố định,Chiều rộng và chiều dài,B,Đáp án B là đúng vì văn bản nói đến mỗi đối tượng địa lí đều có một vị trí địa lí xác định.,mỗi đối tượng địa lí đều có một vị trí địa lí xác định,101,page_101_02,hard,analyze
"Khi trả lời câu hỏi 'Tại sao mưa đá thường xảy ra vào đầu mùa hạ?', em cần phải tìm hiểu:",Mối quan hệ giữa các hiện tượng địa lí,Thời tiết chuyển mùa,Lý do tại sao nhiệt độ giảm theo độ cao,Những ví dụ cụ thể về mưa đá,A,"Đáp án A là đúng vì câu hỏi 'Tại sao?' đòi hỏi em phải tìm ra mối liên hệ và quan hệ giữa các hiện tượng địa lí, trong đó một hiện tượng có thể là kết quả của mối quan hệ với một hoặc nhiều hiện tượng khác.","Khi trả lời câu hỏi ‘Tại sao?’, em sẽ phải tìm ra được mối liên hệ và quan hệ giữa các hiện tượng địa lí, trong đó, một hiện tượng này có thể là kết quả của mối quan hệ với một hoặc một số hiện tượng địa lí khác, được gọi là các quan hệ nhân – quả.",102,page_102_01,medium,analyze
"Để học tốt Địa lý, em cần phải có công cụ hỗ trợ nào?",Mối quan hệ giữa các hiện tượng địa lí,Bản đồ,Những ví dụ cụ thể về mưa đá,Lý do tại sao nhiệt độ giảm theo độ cao,B,Đáp án A là đúng vì Sử dụng bản đồ là kĩ năng quan trọng mà người học Địa lí đều cần thành thạo.,"Sử dụng bản đồ là kĩ năng quan trọng mà người học Địa lí đều cần thành thạo. Em sẽ làm quen với việc sử dụng các loại bản đồ thông dụng, nhưng nhiều hơn cả là những bản đồ chuyên đề tỉ lệ nhỏ được in trong sách giáo khoa và các tập bản đồ.",102,page_102_01,easy,remember
"Khi phân tích bản đồ địa lí, em cần phải chú ý đến:",Mối quan hệ giữa các hiện tượng địa lí,Những ví dụ cụ thể về mưa đá,Tỉ lệ và thông tin được thể hiện trên bản đồ,Lý do tại sao mưa đá thường xảy ra vào đầu mùa hạ,C,"Đáp án D là đúng vì khi phân tích bản đồ địa lí, em cần chú ý đến tỉ lệ và thông tin được thể hiện trên bản đồ.","Em sẽ làm quen với việc sử dụng các loại bản đồ thông dụng, nhưng nhiều hơn cả là những bản đồ chuyên đề tỉ lệ nhỏ được in trong sách giáo khoa và các tập bản đồ.",102,page_102_01,hard,apply
"Trong bài học Địa lí, em sẽ làm quen với loại bản đồ nào được đề cập nhiều nhất?",Bản đồ thế giới,Bản đồ địa phương,Bản đồ chuyên đề tỉ lệ nhỏ,Bản đồ trực tuyến,C,"CONTEXT nêu: 'Em sẽ làm quen với việc sử dụng các loại bản đồ thông dụng, nhưng nhiều hơn cả là những bản đồ chuyên đề tỉ lệ nhỏ được in trong sách giáo khoa và các tập bản đồ.'","Em sẽ làm quen với việc sử dụng các loại bản đồ thông dụng, nhưng nhiều hơn cả là những bản đồ chuyên đề tỉ lệ nhỏ được in trong sách giáo khoa và các tập bản đồ.",102,page_102_02,easy,remember
"Để phân tích biểu đồ và các số liệu thống kê, em cần làm gì?",Sử dụng GPS,In bản đồ,Xử lý số liệu,Chỉ quan sát,C,"CONTEXT nêu: 'Biểu đồ dùng để thể hiện trực quan các số liệu. Ví dụ: dân số của một số nước, thành phần không khí, nhiệt độ và lượng mưa các tháng trong năm,... Đối với các bảng số liệu, em có thể rút ra được kết luận chỉ bằng quan sát, nhưng có khi phải xử lí số liệu mới nhận xét được.'","Đối với các bảng số liệu, em có thể rút ra được kết luận chỉ bằng quan sát, nhưng có khi phải xử lí số liệu mới nhận xét được.",102,page_102_02,medium,apply
"Ngoài việc sử dụng bản đồ trong sách giáo khoa, em còn có thể sử dụng các thiết bị nào để xác định phương hướng?",Địa bàn,Tất cả đều đúng,GPS,Bản đồ trực tuyến,B,"CONTEXT nêu: 'Sử dụng các thiết bị xác định phương hướng, vị trí (định vị) như địa bàn, các tiện ích trong điện thoại thông minh (địa bàn điện tử, bản đồ trực tuyến, GPS, khí áp kế)', nhưng chỉ có thể chọn một đáp án.","Sử dụng các thiết bị xác định phương hướng, vị trí (định vị) như địa bàn, các tiện ích trong điện thoại thông minh (địa bàn điện tử, bản đồ trực tuyến, GPS, khí áp kế)",102,page_102_02,hard,apply
"Theo đoạn văn, lý do nào sau đây khiến kiến thức và kỹ năng địa lí trở nên thiết thực cho mọi người?",Kiến thức địa lí cần thiết cho cuộc sống hàng ngày,Học địa lí giúp khám phá nhiều vùng đất mới,Địa lí giúp giải thích hiện tượng tự nhiên,Việc có nhiều tiện ích trong điện thoại thông minh,A,"Theo đoạn văn, 'Kiến thức và kỹ năng địa lí là rất thiết thực cho mọi người' vì 'Nhiều tiện ích như thế trong điện thoại thông minh cho em thấy kiến thức và kĩ năng địa lí là rất thiết thực cho mọi người.'",Việc có nhiều tiện ích như thế trong điện thoại thông minh cho em thấy kiến thức và kĩ năng địa lí là rất thiết thực cho mọi người.,103,page_103_01,easy,understand
"Theo đoạn văn, lý do gì khiến việc học Địa lí trở nên thú vị?",Học địa lí giúp khám phá nhiều vùng đất mới,Việc có nhiều tiện ích trong điện thoại thông minh,Địa lí giúp giải thích hiện tượng tự nhiên và kinh tế - xã hội,Kiến thức địa lí cần thiết cho cuộc sống hàng ngày,C,"Theo đoạn văn, 'Lí thú vì em tự mình giải thích được nhiều hiện tượng tự nhiên và kinh tế – xã hội nhờ tìm ra được các mối quan hệ nhân – quả.'",Lí thú vì em tự mình giải thích được nhiều hiện tượng tự nhiên và kinh tế – xã hội nhờ tìm ra được các mối quan hệ nhân – quả.,103,page_103_01,hard,apply
"Theo đoạn văn, học địa lí giúp chúng ta làm gì?",Tự tin hơn khi đến thăm hoặc sống ở một vùng đất mới,Giúp chúng ta trở thành nhà khoa học thiên văn,Cho biết lịch sử các quốc gia,Giúp chúng ta ăn uống ngon miệng hơn,A,"Đoạn văn nêu rõ: 'Có kiến thức địa lí tốt, ta sẽ tự tin hơn khi đến thăm hoặc đến sống ở một vùng đất mới.'","Có kiến thức địa lí tốt, ta sẽ tự tin hơn khi đến thăm hoặc đến sống ở một vùng đất mới.",103,page_103_02,easy,remember
Đoạn văn đề cập đến lợi ích của việc học địa lí như thế nào?,Giúp chúng ta hiểu về lịch sử các quốc gia,Tăng cường khả năng tổ chức hoạt động sản xuất an toàn,Cho biết thông tin về các hành tinh trong hệ Mặt Trời,Hỗ trợ việc học tốt môn Toán,B,"Đoạn văn nêu rõ: 'iến thức địa lí tốt, ta sẽ tổ chức các hoạt động sản xuất an toàn hơn, tránh được thiệt hại do thiên tai, sử dụng tốt hơn các tài nguyên, các lợi thế về vị trí địa lí.'","iến thức địa lí tốt, ta sẽ tổ chức các hoạt động sản xuất an toàn hơn, tránh được thiệt hại do thiên tai, sử dụng tốt hơn các tài nguyên, các lợi thế về vị trí địa lí.",103,page_103_02,medium,remember
"Theo đoạn văn, học địa lí sẽ giúp chúng ta trong tình huống thực tế như thế nào?",Giúp chúng ta làm bài kiểm tra môn Toán,Cho chúng ta kiến thức để sử dụng tài nguyên một cách hiệu quả,Cho chúng ta hiểu về lịch sử các quốc gia,Giúp chúng ta biết cách trồng cây,B,Đoạn văn nêu rõ: 'Kiến thức và kĩ năng địa lí mà em học được trong nhà trường sẽ trở thành một phần trong hành trang vào đời và sẽ được sử dụng trong các tình huống thực tiễn sau này.',Kiến thức và kĩ năng địa lí mà em học được trong nhà trường sẽ trở thành một phần trong hành trang vào đời và sẽ được sử dụng trong các tình huống thực tiễn sau này.,103,page_103_02,medium,apply
Đoạn văn nhấn mạnh ý nghĩa của việc học địa lí như thế nào?,Học địa lí giúp chúng ta biết lịch sử các quốc gia,Học địa lí giúp chúng ta trở thành nhà khoa học thiên văn,Học địa lí giúp chúng ta tổ chức hoạt động sản xuất an toàn hơn,Học địa lí giúp chúng ta tự tin hơn khi đến thăm hoặc sống ở một vùng đất mới,D,"Đoạn văn nhấn mạnh: 'Có kiến thức địa lí tốt, ta sẽ tự tin hơn khi đến thăm hoặc đến sống ở một vùng đất mới.' và 'Kiến thức và kĩ năng địa lí mà em học được trong nhà trường sẽ trở thành một phần trong hành trang vào đời và sẽ được sử dụng trong các tình huống thực tiễn sau này.'","Có kiến thức địa lí tốt, ta sẽ tự tin hơn khi đến thăm hoặc đến sống ở một vùng đất mới. Kiến thức và kĩ năng địa lí mà em học được trong nhà trường sẽ trở thành một phần trong hành trang vào đời và sẽ được sử dụng trong các tình huống thực tiễn sau này.",103,page_103_02,hard,analyze
Vị trí của một địa điểm trên bản đồ có thể xác định bằng cách sử dụng:,Vĩ tuyến,Đường xích đạo,Kinh tuyến,Hai kinh tuyến và hai vĩ tuyến,D,Toạ độ địa lí của một địa điểm trên bản đồ có thể xác định bằng cách sử dụng hai kinh tuyến và hai vĩ tuyến.,"Học xong bài này, em sẽ: Xác định được trên bản đồ và trên quả Địa Cầu: kinh tuyến gốc, xích đạo, các bản cầu; ghi được toạ độ địa lí của một địa điểm trên bản đồ.",104,page_104_01,medium,remember
Kinh tuyến nào được chọn làm kinh tuyến gốc theo quy ước quốc tế?,Kinh tuyến 0°,Kinh tuyến 20°Đ,Kinh tuyến đi qua đài thiên văn Grin-uýt ở Luân-đôn,Kinh tuyến 160°T,C,"Theo quy ước quốc tế, kinh tuyến đi qua đài thiên văn Grin-uýt ở ngoại ô thủ đô Luân-đôn của nước Anh là kinh tuyến gốc và đánh số 0°.","Vì thế, theo quy ước quốc tế, kinh tuyến đi qua đài thiên văn Grin-uýt ở ngoại ô thủ đô Luân-đôn của nước Anh là kinh tuyến gốc và đánh số 0°.",105,page_105_01,easy,remember
Điểm A trong hình 1.3 có toạ độ địa lý là gì?,"40°S, 30°W","40°N, 30°E","40°S, 30°E","40°N, 30°W",B,"Toạ độ của điểm A được ghi rõ trong CONTEXT là (40°B, 30°T) hoặc {40°B, 30°T}. Trong hệ thống tọa độ địa lý, B đại diện cho vĩ độ Bắc và T đại diện cho kinh độ Đông.","A (vĩ độ, kinh độ) hoặc A { vĩ độ, kinh độ}. Ví dụ: Trên hình 1.3, điểm A có toạ độ địa lí là A (40°B, 30°T) hoặc A { 40°B, 30°T }.",106,page_106_01,easy,remember
"Trong hệ thống tọa độ địa lý, kinh tuyến gốc có độ dài như thế nào so với các kinh tuyến khác?","Đều nhất, không thay đổi",Dài hơn tất cả các kinh tuyến khác,Có độ dài bằng một nửa tổng số kinh tuyến,Nhiều hơn so với vĩ tuyến,A,"CONTEXT chỉ rõ rằng độ dài của kinh tuyến gốc là cố định và không thay đổi, trong khi các kinh tuyến khác có độ dài khác nhau.",Độ dài của kinh tuyến gốc so với các kinh tuyến khác như thế nào.,106,page_106_01,medium,understand
Toạ độ của điểm D trong hình 1.3 được xác định như thế nào?,"(50°S, 35°W)","(60°N, 10°E)","(35°N, 40°E)","(45°B, 20°T)",C,"CONTEXT chỉ rõ rằng toạ độ của các điểm cần được xác định trong hình 1.3, nhưng không cung cấp cụ thể cho D.","Quan sát hình 1.3, hãy xác định và ghi lại toạ độ địa lí của các điểm D, E.",106,page_106_01,easy,remember
"Trong phép chiếu bản đồ, lưới kinh vĩ tuyến được thể hiện như thế nào?",Các đường kinh tuyến và vĩ tuyến đều là các đường cong,"Các đường kinh tuyến là đường cong, vĩ tuyến là đường thẳng","Các đường vĩ tuyến là đường cong, kinh tuyến là đường thẳng",Các đường kinh tuyến và vĩ tuyến đều là các đường thẳng,D,"Trong phép chiếu bản đồ như Hình 2.2, lưới kinh vĩ tuyến được thể hiện bằng các đường thẳng.",<center>Hình 2.2. Một dạng phép chiếu bản đồ có các đường kinh tuyến và vĩ tuyến đều là các đường thẳng</center>,108,page_108_01,easy,remember
"Theo CONTEXT, phép chiếu bản đồ được sử dụng để thể hiện đặc điểm nào của Đảo Grin-len và Lục địa Nam Mỹ?",Diện tích,Thời tiết,Vị trí geografical,Tốc độ di chuyển,A,CONTEXT đề cập đến việc so sánh diện tích của Đảo Grin-len và Lục địa Nam Mỹ qua phép chiếu bản đồ.,"Quan sát hình 2.2 và hình 2.3, hãy nhận xét về diện tích đảo Grin-len so với lục địa Nam Mỹ.",108,page_108_01,easy,remember
"Trong hệ thống các ký hiệu bản đồ, hình tròn được sử dụng để thể hiện điều gì?",Biên giới quốc gia,Kí hiệu ngành công nghiệp,Thành phố,Sản bay,B,Hình tròn được sử dụng để thể hiện các kí hiệu ngành công nghiệp.,"Những kí hiệu ngành công nghiệp được đặt trong các hình tròn, thể hiện các trung tâm công nghiệp có nhiều ngành công nghiệp.",109,page_109_01,easy,remember
"Trong bản đồ địa hình, kí hiệu nào được sử dụng để biểu thị đường sắt?",Đường ô tô,Đường đồng mức,Đường sắt,Cầu,C,"Khi đọc bản đồ, ta cần chú ý đến các kí hiệu được chỉ dẫn trong bảng chú giải.",Đường sắt - Đường sắt,110,page_110_01,easy,remember
"Bản đồ nào thường được sử dụng để thể hiện chi tiết một khu vực như huyện, xã?",Bản đồ tỉ lệ lớn,Bản đồ không xác định,Bản đồ tỉ lệ nhỏ,Bản đồ tỉ lệ trung bình,A,"Theo thông tin trong văn bản, bản đồ tỉ lệ lớn thường được sử dụng để thể hiện chi tiết một khu vực như huyện, xã.","Bản đồ tỉ lệ lớn: lớn hơn 1 : 200 000. Ví dụ: bản đồ tỉ lệ 1 : 100 000, 1 : 50 000, 1 : 10 000 để thể hiện chi tiết một khu vực như huyện, xã,...",110,page_110_01,medium,understand
Tỉ lệ bản đồ là gì?,Yếu tố để xác định mức độ thu nhỏ khoảng cách khi chuyển từ thực tế sang thể hiện trên mặt phẳng bản đồ,"Địa giới thị trấn, phường, xã",Hệ thống kí hiệu trên bản đồ,Trung tâm hành chính cấp tỉnh,A,Tỉ lệ bản đồ được định nghĩa là yếu tố để xác định mức độ thu nhỏ khoảng cách khi chuyển từ thực tế sang thể hiện trên mặt phẳng bản đồ.,Tỉ lệ bản đồ là gì? Tỉ lệ bản đồ là yếu tố để xác định mức độ thu nhỏ khoảng cách khi chuyển từ thực tế sang thể hiện trên mặt phẳng bản đồ.,110,page_110_01,medium,understand
"Trong ví dụ về khoảng cách từ Rạch Giá đến Cần Thơ, nếu ta biết rằng trên bản đồ khoảng cách là 3,3 cm và tỉ lệ bản đồ là 1:20 km (tức 1 cm tương ứng với 20 km), thì khoảng cách thực tế giữa hai địa điểm này theo đường thẳng là bao nhiêu?",100 km,45.7 km,85.3 km,66 km,D,"Khoảng cách thực tế = 3,3 cm * 20 km/cm = 66 km.","Trên bản đồ, từ Rạch Giá đến Cần Thơ đo được là khoảng 3,3 cm. Căn cứ vào tỉ lệ thước, 1 cm trên bản đồ tương ứng với 20 km trên thực địa, vậy khoảng cách thực tế từ Rạch Giá đến Cần Thơ theo đường thẳng khoảng 66 km.",111,page_111_01,medium,apply
"Để đo khoảng cách giữa Bạc Liêu và Sóc Trăng trên bản đồ, ta cần thực hiện các bước nào?",Dùng bút chì đánh dấu trực tiếp trên bản đồ,Đếm số ô trên bản đồ từ Bạc Liêu đến Sóc Trăng,"Xác định vị trí hai địa điểm, đặt com-pa hoặc mảnh giấy vào hai điểm đó, giữ nguyên độ rộng của com-pa (hoặc mảnh giấy) và đặt lên thước tỉ lệ để tìm khoảng cách",Sử dụng kính viễn vọng,C,"Ta cần xác định vị trí hai địa điểm, đặt com-pa hoặc mảnh giấy vào hai điểm đó, giữ nguyên độ rộng của com-pa (hoặc mảnh giấy) và đặt lên thước tỉ lệ để tìm khoảng cách.","Để đo khoảng cách giữa hai điểm (ví dụ giữa Rạch Giá và Cần Thơ trên hình 2.9), ta thực hiện theo các bước sau: – Xác định vị trí hai địa điểm cần đo. – Đặt hai đầu của com-pa vào hai điểm cần đo như hình 2.9A (đối với mảnh giấy, đặt mép thẳng của mảnh giấy sát hai điểm cần đo như hình 2.9C, dùng bút đánh dấu hai điểm đó lên giấy).",111,page_111_01,easy,remember
"Trong quá trình đo khoảng cách, sau khi đánh dấu tại điểm A và B, bước tiếp theo là gì?",Đặt giấy dọc theo thước tỉ lệ.,Đánh dấu tại điểm C.,Xoay mép giấy tại điểm B để đoạn tiếp theo nằm thẳng.,Đặt cạnh giấy thẳng theo đoạn A – B.,C,"Sau khi đánh dấu tại điểm A và B, ta cần xoay mép giấy tại điểm B để đoạn tiếp theo nằm thẳng.",2. Đánh dấu tại A và B.,112,page_112_01,medium,understand
"Khi xác định phương hướng trên bản đồ, ta có thể sử dụng gì?",Lưới kinh vị tuyến,Đo khoảng cách theo đường gấp khúc,Mũi tên chỉ hướng bắc,Thước tỉ lệ,A,Ta có thể sử dụng lưới kinh vị tuyến để xác định phương hướng trên bản đồ.,<center>Hình 2.12. Xác định phương hướng dựa vào lưới kinh vị tuyến</center>,112,page_112_01,easy,remember
"Trong các hướng chính trên bản đồ, hướng nào được quy định là hướng bắc?",Thước tỉ lệ,Đoạn A – B,Lưới kinh vị tuyến,Mũi tên chỉ hướng bắc,D,Hướng bắc được quy định bởi mũi tên chỉ hướng bắc trên bản đồ.,<center>Hình 2.13. Xác định phương hướng dựa vào mũi tên chỉ hướng bắc</center>,112,page_112_01,hard,analyze
"Trên bản đồ khu vực Bắc Cực, các đường kinh tuyến đều chỉ hướng về đâu?",đông,bắc,nam,tây,C,Điều này được xác định thông qua thông tin trong CONTEXT.,"Riêng bản đồ khu vực Bắc Cực, các đường kinh tuyến đều chỉ hướng nam; còn bản đồ khu vực Nam Cực, các đường kinh tuyến đều chỉ hướng bắc.",113,page_113_01,easy,remember
Nhóm bản đồ địa lí chung thể hiện các đối tượng nào trên bề mặt đất?,"phân bố dân cư, phân bố nhà máy thuỷ điện","tự nhiên, kinh tế, xã hội","ranh giới hành chính, đường giao thông","địa hình, đất, sinh vật",B,"CONTEXT đã nêu rõ nhóm bản đồ địa lí chung thể hiện các đối tượng tự nhiên, kinh tế, xã hội.","Nhóm bản đồ địa lí chung thể hiện các đối tượng địa lí cụ thể trên bề mặt đất (tự nhiên, kinh tế, xã hội,...) như địa hình, đất, sinh vật, các điểm dân cư, đường giao thông, các vùng sản xuất, ranh giới hành chính,...",113,page_113_01,medium,remember
Hình nào có độ chính xác hơn khi thể hiện toàn bộ bề mặt Trái Đất lên bản đồ?,không đủ thông tin để xác định,hình 2.2,hình 2.3,cả hai hình đều không chính xác,A,"CONTEXT không cung cấp thông tin về độ chính xác của các hình, do đó không thể xác định.","1. Để thể hiện toàn bộ Trái Đất thì giữa quả Địa Cầu và bản đồ, phương tiện nào thể hiện đúng hơn?",113,page_113_01,medium,analyze
Tại sao em không bị lạc khi bố mẹ đưa đi học?,Vì em có bản đồ trong tay,Vì em đã học qua bài học về lược đồ trí nhớ,Vì em nhớ rõ con đường từ nhà đến trường,Vì em có người dẫn đường,C,"Lược đồ trí nhớ giúp em hình thành cảm nhận về không gian xung quanh, từ đó định hướng được.","Rồi bố mẹ đưa đến các nơi em thích: cửa hàng kem, hiệu sách thiếu nhi, đến nhà các bạn cùng lớp,... Nếu có đi một mình, em cũng không bị lạc. Tại sao em lại không bị lạc? Vì trong đầu, trong trí nhớ của em đã hình thành một hình ảnh về không gian đó, được gọi là lược đồ trí nhớ.",114,page_114_01,easy,remember
Lược đồ trí nhớ giúp người ta làm gì?,Hình thành hình ảnh về không gian xung quanh,Tìm đường và định hướng trong không gian,Mô tả cảm nhận về địa phương bằng lời,Vẽ sơ đồ về các địa điểm mình yêu thích,B,Lược đồ trí nhớ giúp người ta định hướng và đi đến nơi họ muốn mà không cần bản đồ.,"Lược đồ trí nhớ tồn tại trong trí não con người, nhờ thế mà người ta có thể định hướng trong không gian, tìm đường, đi được đến nơi mình muốn đến và trở lại nơi mình muốn trở về mà không cần có bản đồ trong tay hay bất cứ công cụ hỗ trợ nào.",114,page_114_01,medium,understand
Lược đồ trí nhớ là gì?,Định hướng trong không gian,Cảm nhận của cá nhân về địa phương,Sơ đồ phác hoạ khung cảnh,Hình ảnh về không gian xung quanh,D,Lược đồ trí nhớ là cảm nhận của cá nhân về không gian xung quanh mà họ đã trải nghiệm.,Lược đồ trí nhớ về không gian xung quanh ta Lược đồ trí nhớ trước hết là cảm nhận của cá nhân về không gian xung quanh – một nơi nào đấy – mà người đó đã trải nghiệm.,114,page_114_01,hard,analyze
"Khi xây dựng lược đồ trí nhớ về một không gian mà mình chưa từng đến, ví dụ như một du lịch muốn thăm các địa điểm mới, người đó cần làm gì?",Xem ảnh chụp từ internet,Tìm hiểu thông tin từ nhiều nguồn khác nhau,Đọc sách và báo về địa điểm,Nói chuyện với những người đã từng đến,B,Đoạn văn đề cập đến việc tìm hiểu thông tin từ các nguồn khác nhau.,"Cách xây dựng lược đồ trí nhớ Một người cũng có thể xây dựng lược đồ trí nhớ cho những nơi họ chưa từng đến, ví dụ như một du khách có thể đánh dấu trên lược đồ các địa điểm họ muốn đến thăm thông qua tìm hiểu thông tin từ các nguồn khác nhau.",115,page_115_01,medium,apply
"Theo đoạn văn, khi vẽ lược đồ trí nhớ về một không gian, điều gì quan trọng nhất?",Sử dụng màu sắc phong phú,Vẽ giống như bạn khác,Đưa vào nhiều thông tin chi tiết,Chỉ vẽ những đối tượng địa lí mà mình nhớ và cho là chính xác,D,Đoạn văn nhấn mạnh việc chỉ vẽ những gì trong trí nhớ của bản thân.,"Khi vẽ lược đồ trí nhớ ra giấy, điều quan trọng là chỉ vẽ ra những đối tượng địa lí nào mà người đó nhớ và cho là chính xác.",115,page_115_01,hard,analyze
"Theo CONTEXT, lược đồ trí nhớ được tạo ra dựa trên việc nghiên cứu gì?",Bản đồ vệ tinh,Bản đồ địa vật,Bản đồ các tuyến xe buýt,Bản đồ du lịch,C,CONTEXT đề cập đến việc người vẽ lược đồ nghiên cứu bản đồ các tuyến xe buýt.,- Lược đồ này hình thành sau khi người vẽ lược đồ nghiên cứu bản đồ các tuyến xe buýt được dán ở bến xe buýt và xác định đường đi đến địa điểm cần đến.,116,page_116_01,easy,remember
"Khi sử dụng Google Maps trên điện thoại thông minh, cách nào để thay đổi vị trí hiện tại của bản đồ?",Nhấn vào biểu tượng vị trí,Di chuyển ngón tay trên màn hình,Nhấn vào nút 'Directions',Nhấn và giữ nút zoom,B,"Để di chuyển bản đồ, người dùng cần di chuyển ngón tay trên màn hình.","Ta có thể dùng Google Maps trên máy tính cá nhân, điện thoại thông minh được kết nối internet. Ở Google Maps, chúng ta có thể thực hành một số tính năng sau: – Di chuyển bản đồ được hiển thị trên màn hình.",118,page_118_01,easy,understand
"Trên Google Maps, cách nào để xem gợi ý đường đi từ điểm hiện tại đến một địa điểm khác?",Nhấn vào biểu đồ thời tiết,Nhấn và giữ nút zoom,Nhấn vào nút 'Directions',Nhấn vào biểu tượng vị trí,C,"Để xem gợi ý đường đi, người dùng cần nhấn vào nút Directions.","Xác định một địa điểm muốn đến; sau đó nhấn vào nút Directions để quan sát gợi ý đường đi đến địa điểm đó, khoảng cách (km) và khoảng thời gian cần thiết nếu đi bằng ô tô.",118,page_118_01,medium,apply
"Khi sử dụng Google Maps, người dùng có thể chia sẻ thông tin vị trí như thế nào?",Nhấn vào biểu tượng vị trí,Nhấn và giữ nút zoom,Nhấn vào nút 'Directions',Chọn 'Share' hoặc 'Chia sẻ',D,Người dùng có thể chia sẻ thông tin vị trí bằng cách chọn 'Share' hoặc 'Chia sẻ'.,"Chia sẻ thông tin vị trí (có thể là điểm đang đứng, điểm muốn đến) cho bố, mẹ hoặc người thân qua tin nhắn để bố, mẹ hoặc người thân đến đón.",118,page_118_01,easy,remember
"Để đọc bản đồ nhanh và chính xác, chúng ta cần biết điều gì?",Đối tượng địa lí cần đọc và đặc điểm của nó,Thời gian in bản đồ,Tên của các nước trong bản đồ,Cách vẽ các đường trên bản đồ,A,"Để đọc bản đồ nhanh và chính xác, chúng ta phải biết đối tượng địa lí cần đọc là gì và đặc điểm của nó.","Muốn đọc bản đồ nhanh và chính xác, chúng ta phải biết được đối tượng địa lí cần đọc là gì, đặc điểm của đối tượng đó và các mối quan hệ xung quanh nó.",118,page_118_02,easy,understand
"Trong ví dụ trên hình 4.1, chúng ta có thể xác định được vị trí của các nước Đông Nam Á dựa vào điều gì?",Các đường giao thông,Biểu đồ thời tiết,Tên các thành phố trong bản đồ,Vĩ độ và kinh độ,D,"Trong ví dụ trên hình 4.1, chúng ta có thể xác định được vị trí của các nước Đông Nam Á dựa vào vĩ độ và kinh độ.","Ví dụ trên hình 4.1, chúng ta có thể xác định được các nước Đông Nam Á nằm trong khoảng từ vĩ độ nào đến vĩ độ nào, gần hay xa xích đạo, chịu ảnh hưởng của biến đổi nhiều hay ít,...",118,page_118_02,medium,apply
"Nếu muốn xác định vị trí của một quốc gia trên bản đồ, chúng ta cần biết thông tin nào?",Hình dạng đất nước,Tên các thành phố,Biểu đồ dân số,Vĩ độ và kinh độ,D,"Nếu muốn xác định vị trí của một quốc gia trên bản đồ, chúng ta cần biết vĩ độ và kinh độ.","Xác định vị trí của đối tượng địa lí trên bản đồ Ví dụ trên hình 4.1, chúng ta có thể xác định được các nước Đông Nam Á nằm trong khoảng từ vĩ độ nào đến vĩ độ nào, gần hay xa xích đạo, chịu ảnh hưởng của biến đổi nhiều hay ít,...",118,page_118_02,easy,remember
"Theo đoạn văn, điều gì giúp chúng ta hiểu được ngôn ngữ bản đồ?",Biết vĩ độ và kinh độ,Hiểu đối tượng địa lí cần đọc,Đọc tên các quốc gia,Xem biểu đồ thời tiết,B,"Theo đoạn văn, hiểu được ngôn ngữ bản đồ giúp chúng ta đọc bản đồ nhanh và chính xác.","Để đọc được bản đồ, chúng ta phải hiểu được các yếu tố cần thiết của bản đồ hay còn gọi là ngôn ngữ bản đồ.",118,page_118_02,hard,analyze
"Trên bản đồ các nước trong khu vực Đông Nam Á (Hình 4.1), Việt Nam nằm ở vị trí nào?",Ở phía Nam,Ở giữa,Ở phía Bắc,Ở phía Tây,C,Việt Nam nằm ở phía Bắc của khu vực Đông Nam Á.,Hình 4.1. Bản đồ các nước trong khu vực Đông Nam Á,119,page_119_01,easy,remember
Trái Đất nằm ở vị trí nào trong hệ Mặt Trời?,Vị trí thứ 4,Vị trí thứ 3,Vị trí thứ 5,Vị trí thứ 2,B,Trái Đất nằm ở vị trí thứ 3 trong hệ Mặt Trời.,2. Kim tinh 6. Thổ tinh 3. Trái Đất 7. Thiên Vương tinh 4. Hoà tinh 8. Hải Vương tinh,120,page_120_01,easy,remember
Con người đã chụp được những bức ảnh về Trái Đất từ đâu?,Từ Trái Đất,Từ vệ tinh nhân tạo,Từ Trạm vũ trụ quốc tế,Từ Mặt Trăng,B,Con người đã chụp được những bức ảnh về Trái Đất từ vệ tinh nhân tạo.,"Đã bao giờ em tự hỏi: Trái Đất của chúng ta rộng lớn như thế nào? Em đang sống ở đâu trên Trái Đất?... Cùng với sự phát triển của khoa học, con người đã chụp được những bức ảnh về Trái Đất, có nhiều hiểu biết hơn về hình dạng và kích thước của nó.",120,page_120_01,medium,remember
Hệ Mặt Trời bao gồm những thành phần nào?,"Mặt Trời, Trái Đất, Sao Hỏa","Mặt Trăng, Sao Hỏa, Kim tinh","Trái Đất, Mộc tinh, Thổ tinh","Thiên Vương tinh, Hải Vương tinh, Hoà tinh",C,"Hệ Mặt Trời bao gồm Mặt Trời và các hành tinh của nó như Trái Đất, Mộc tinh, Thổ tinh.",1. Thuỷ tinh 5. Mộc tinh 2. Kim tinh 6. Thổ tinh 3. Trái Đất 7. Thiên Vương tinh 4. Hoà tinh 8. Hải Vương tinh,120,page_120_01,medium,remember
"Theo thông tin trong đoạn văn, khối lượng của Mặt Trời chiếm bao nhiêu phần trăm tổng khối lượng hệ Mặt Trời?",98%,95%,100%,99.8%,D,"Đoạn văn nêu rõ: 'khối lượng của thiên thể này chiếm tới 99,8 % khối lượng của toàn bộ hệ Mặt Trời.'","khối lượng của thiên thể này chiếm tới 99,8 % khối lượng của toàn bộ hệ Mặt Trời.",121,page_121_01,easy,remember
"Theo đoạn văn, tại sao các hành tinh chuyển động xung quanh Mặt Trời?",Vì sự sống trên Trái Đất,Vì hình dạng elip-xô-it của Mặt Trời,Vì lực hấp dẫn của Mặt Trăng,Vì khối lượng lớn và lực hấp dẫn lớn của Mặt Trời,D,"Đoạn văn nêu rõ: 'Khối lượng lớn và lực hấp dẫn lớn của Mặt Trời đã làm cho các hành tinh chuyển động xung quanh nó, tạo nên hệ Mặt Trời.'","Khối lượng lớn và lực hấp dẫn lớn của Mặt Trời đã làm cho các hành tinh chuyển động xung quanh nó, tạo nên hệ Mặt Trời.",121,page_121_01,medium,understand
"Theo đoạn văn, tại sao tên gọi đúng hình dạng của Trái Đất là elip-xô-it?",Vì loài người chưa tìm thấy hành tinh có sự sống,Vì Trái Đất không phải là hình cầu thực sự mà hơi dẹt ở hai đầu,Vì quan sát từ ngòi khơi vào bờ,Vì Niu-tơn đã chứng minh,B,"Đoạn văn nêu rõ: 'Nhà bác học nổi tiếng người Anh là Niu-tơn (1642 – 1726) thông qua những tính toán phức tạp đã chứng minh rằng hình dạng Trái Đất không phải là hình cầu thực sự mà hơi dẹt ở hai đầu, vì thế tên gọi đúng hình dạng Trái Đất là elip-xô-it (elip tròn xoay).'","Nhà bác học nổi tiếng người Anh là Niu-tơn (1642 – 1726) thông qua những tính toán phức tạp đã chứng minh rằng hình dạng Trái Đất không phải là hình cầu thực sự mà hơi dẹt ở hai đầu, vì thế tên gọi đúng hình dạng Trái Đất là elip-xô-it (elip tròn xoay).",121,page_121_01,hard,analyze
"Tại sao nhìn con tàu ngoài xa qua kính viễn vọng, ta thấy boong tàu gần như bị chìm trong nước biển?",Kính viễn vọng làm thay đổi hình dạng con tàu,Vì Trái Đất là hình cầu,Nước biển có độ cao lớn,Do ánh sáng từ Mặt Trời mờ nhạt,B,Đây là kết quả của việc nhìn vào một đối tượng trên bề mặt Trái Đất hình cầu từ một vị trí xa.,"Nhìn con tàu ngoài xa qua kính viễn vọng, ta thấy boong tàu gần như bị chìm trong nước biển, trong khi sự thật thì không phải thế. Kích thước của Trái Đất Các nhà khoa học đã chứng minh được hình dạng cầu của Trái Đất không thật lý tưởng mà hơi dẹt ở hai cực.",122,page_122_01,easy,remember
Hình 5.4 thể hiện thông tin gì về Trái Đất?,Kích thước và hình dạng,Vị trí của các đảo,Thành phần hóa học,Dòng chảy của các sông ngòi,A,"Hình 5.4 mô tả kích thước và hình dạng của Trái Đất, bao gồm sự chênh lệch giữa bán kính ở xích đạo với bán kính ở cực.","Kích thước của Trái Đất Các nhà khoa học đã chứng minh được hình dạng cầu của Trái Đất không thật lý tưởng mà hơi dẹt ở hai cực, vì vậy có sự chênh lệch giữa bán kính ở xích đạo với bán kính ở cực (hình 5.4).",122,page_122_01,medium,remember
"Theo thông tin trong CONTEXT, hành tinh nào là lớn nhất và nhỏ nhất trong hệ Mặt Trời?",Hành tinh lớn nhất: Sao Thủy; Hành tinh nhỏ nhất: Sao Kim,Hành tinh lớn nhất: Sao Mộc; Hành tinh nhỏ nhất: Sao Kim,Hành tinh lớn nhất: Sao Hỏa; Hành tinh nhỏ nhất: Sao Diêm Vương,Hành tinh lớn nhất: Sao Mộc; Hành tinh nhỏ nhất: Sao Thổ,B,CONTEXT chỉ rõ rằng hành tinh lớn nhất là Sao Mộc và hành tinh nhỏ nhất là Sao Kim.,- Các hành tinh: + Tên các hành tinh trong hệ Mặt Trời. + Hành tinh lớn nhất và hành tinh nhỏ nhất. + Hành tinh ở vị trí gần Mặt Trời nhất và hành tinh ở vị trí xa Mặt Trời nhất.,122,page_122_01,medium,remember
"Để quan sát được xa hơn tàu thuyền ngoài khơi, ta cần lên các đài quan sát cao hơn vì lý do gì?",Ánh sáng từ tàu thuyền yếu,Tàu thuyền di chuyển nhanh,Cao độ nhìn từ trên cao giúp thấy xa hơn,Khí hậu ở các đài quan sát tốt hơn,C,"Để quan sát được xa hơn tàu thuyền ngoài khơi, ta cần lên các đài quan sát cao hơn vì tầm nhìn từ trên cao giúp thấy xa hơn.","Quan sát hình 5.2, hãy giải thích tại sao để quan sát được xa hơn tàu thuyền ngoài khơi, ta cần lên các đài quan sát cao hơn.",122,page_122_01,easy,understand
Tại sao con người không cảm nhận được chuyển động tự quay của Trái Đất?,Vì không khí che chắn,Vì con người bị hấp dẫn bởi Mặt Trời,Vì chuyển động này diễn ra rất chậm,Vì Trái Đất di chuyển quá nhanh,C,"Chuyển động tự quay của Trái Đất diễn ra quá chậm, nên con người không cảm nhận được.",Con người và tất cả mọi vật trên bề mặt Trái Đất vẫn liên tục quay quanh trục Trái Đất hay không? Vì sao con người lại không cảm nhận được điều này?,123,page_123_01,easy,understand
"Khi ngồi trên ô tô đang chạy nhanh, ta có cảm giác hàng cây bên đường đang di chuyển. Điều này minh họa cho hiện tượng nào?",Chuyển động thực tế của hàng cây,Chuyển động biểu kiến,Hiện tượng ngày – đêm,Chuyển động quay quanh trục của Trái Đất,B,"Đây là ví dụ về chuyển động biểu kiến, một hiện tượng mà ta cảm nhận được nhưng không có thật.",Chuyển động không có thật ấy gọi là chuyển động biểu kiến.,124,page_124_01,easy,remember
Mặt Trời mọc ở phía đông và lặn ở phía tây do sự quay của Trái Đất quanh trục từ hướng nào?,Tây sang nam,Đông sang tây,Nam sang bắc,Tây sang đông,D,"Trái Đất quay quanh trục từ tây sang đông, nên ta thấy Mặt Trời mọc ở phía đông và lặn ở phía tây.",Trái Đất quay quanh trục từ tây sang đông,124,page_124_01,medium,understand
Giờ địa phương của Hà Nội (105°52’Đ) và Hải Phòng (106°43’Đ) chênh nhau bao nhiêu?,3 phút 24 giây,30 giây,5 phút,1 giờ 16 phút,A,Giờ địa phương của Hà Nội và Hải Phòng chênh nhau 3 phút 24 giây.,Giờ địa phương của hai thành phố chênh nhau 3 phút 24 giây.,124,page_124_01,easy,remember
Tại sao người ta phải dùng giờ khu vực thay vì giờ địa phương trong đời sống?,Vì hiện tượng ngày – đêm khác nhau,Do sự quay của Trái Đất không đều,Do chuyển động biểu kiến,Để thuận tiện cho giao dịch quốc tế,D,Người ta phải dùng giờ khu vực để thuận tiện cho việc tính giờ và giao dịch trên thế giới.,"Vì vậy, người ta phải dùng giờ khu vực để tiện cho việc tính giờ và giao dịch trên thế giới.",124,page_124_01,hard,apply
Một khu vực giờ trên Trái Đất rộng bao nhiêu độ kinh tuyến?,15°,30°,60°,45°,A,Mỗi khu vực giờ tương ứng với 15° kinh tuyến.,Trái Đất quay một vòng là 360° trong thời gian 24 giờ. Hãy tính xem một khu vực giờ rộng bao nhiêu độ kinh tuyến.,125,page_125_01,medium,apply
Khu vực giờ số 0 có đặc điểm gì theo thông tin trong đoạn văn?,Không có điểm đặc biệt,Kinh tuyến trung tâm của khu vực,Điểm chia giữa hai khu vực giờ,Khu vực rộng nhất,B,Khu vực giờ số 0 được quy định là kinh tuyến trung tâm.,Khu vực giờ nằm trong phạm vi giữa các kinh tuyến 7°30'Đ và 7°30'Đ được quy định là khu vực giờ số 0.,125,page_125_01,easy,remember
"Nếu Trái Đất quay một vòng trong 24 giờ, thì mỗi khu vực giờ trên Trái Đất rộng bao nhiêu độ kinh tuyến?",30°,60°,15°,45°,C,Mỗi khu vực giờ tương ứng với 15° kinh tuyến.,Trái Đất quay một vòng là 360° trong thời gian 24 giờ. Hãy tính xem một khu vực giờ rộng bao nhiêu độ kinh tuyến.,125,page_125_01,medium,apply
"Theo thông tin trong CONTEXT, tại sao ranh giới của các khu vực giờ không thẳng theo đường kinh tuyến?",Để tạo ra sự phức tạp trong việc xem giờ,Do các quốc gia muốn điều chỉnh để thuận tiện cho giao lưu kinh tế,Vì biên giới quốc gia thường được xác định trước và không theo đường kinh tuyến,Do ảnh hưởng của lực Coriolis,C,"CONTEXT đề cập rằng ranh giới khu vực giờ thường được quy định theo biên giới quốc gia, không phải là đường kinh tuyến.",Ranh giới của các khu vực giờ không thẳng theo đường kinh tuyến mà thường được quy định theo biên giới quốc gia và rất phức tạp.,126,page_126_01,easy,understand
"Theo hình 6.3, khi Hà Nội là 7 giờ thì ở Luân-đôn là mấy giờ?",4 giờ,8 giờ,12 giờ,19 giờ,D,"CONTEXT không cung cấp thông tin cụ thể về thời gian ở các thành phố khác khi Hà Nội là 7 giờ, nhưng ta có thể suy luận ra từ vị trí địa lý của các thành phố.",Hình 6.3. Các khu vực giờ GMT,126,page_126_01,medium,apply
"Theo hình 6.4, tại sao mỗi đồng hồ ở khách sạn lại chỉ một giờ khác nhau?",Vì mỗi khu vực có múi giờ riêng biệt,Do vị trí địa lý của các khu vực,Do ảnh hưởng của lực Coriolis,Để tạo sự phức tạp trong việc xem giờ,A,"CONTEXT đề cập rằng đồng hồ ở khách sạn chỉ một giờ khác nhau, vì mỗi khu vực có múi giờ riêng biệt.",Hình 6.4. Đồng hồ treo ở khu vực lễ tân của một khách sạn,126,page_126_01,easy,understand
"Theo thông tin trong CONTEXT, lực Coriolis ảnh hưởng đến chuyển động của vật thể như thế nào?",Làm lệch hướng chuyển động của các vật bay hoặc chảy trên bề mặt Trái Đất,Thay đổi kinh tuyến,Định hình biên giới quốc gia,Tạo ra sự phức tạp trong việc xem giờ,A,CONTEXT nêu rõ lực Coriolis làm lệch hướng chuyển động của các vật thể chuyển động trên những khoảng cách khá lớn.,"Sự lệch hướng chuyển động của các vật thể Vận động quay quanh trục của Trái Đất đã sinh ra một lực làm lệch hướng chuyển động của các vật bay hoặc chảy trên bề mặt Trái Đất, được gọi là lực Coriolis.",126,page_126_01,hard,analyze
"Theo hình 7.1, Trái Đất di chuyển quanh Mặt Trời như thế nào?",Theo đường thẳng,Dài ngắn theo mùa,Theo đường tròn,Theo đường elip,D,Trái Đất di chuyển quanh Mặt Trời theo một con đường elip.,Hình 7.1. Sơ đồ chuyển động của Trái Đất quanh Mặt Trời và các mùa ở bán cầu Bắc,128,page_128_01,easy,remember
"Theo văn bản, tại sao cuộc sống diễn ra theo chu kỳ hằng năm?",Do chuyển động của Trái Đất quanh Mặt Trời,Do sự thay đổi của thời tiết,Do sự thay đổi của trục quay,Do sự thay đổi của mùa,A,Cuộc sống diễn ra theo chu kỳ hằng năm do chuyển động của Trái Đất quanh Mặt Trời.,"Năm nào cũng mở đầu bằng Tết đến xuân về, rồi một kì nghỉ hè với tiếng ve kêu rộn rã và rợp trời hoa phượng đó, một mùa tựu trường hân hoan, rồi lại mong đợi Tết đến xuân về. Cứ thế một năm qua đi thật nhanh.",128,page_128_01,easy,understand
"Theo thông tin trong CONTEXT, thời gian Trái Đất chuyển động quanh Mặt Trời một vòng là bao nhiêu?",366 ngày,364 ngày,365 ngày 6 giờ,365 ngày,C,CONTEXT nêu rõ: 'Thời gian Trái Đất chuyển động quanh Mặt Trời một vòng là 365 ngày 6 giờ.',Thời gian Trái Đất chuyển động quanh Mặt Trời một vòng là 365 ngày 6 giờ.,129,page_129_01,easy,remember
Năm nhuận có bao nhiêu ngày?,365,366,364,367,B,"CONTEXT nêu rõ: 'cứ bốn năm lại có một năm 366 ngày, gọi là năm nhuận.'","cứ bốn năm lại có một năm 366 ngày, gọi là năm nhuận.",129,page_129_01,easy,remember
"Trong quá trình chuyển động quanh Mặt Trời, trục Trái Đất nghiêng với mặt phẳng quỹ đạo bao nhiêu độ?",60°,70°,66°33',65°33',C,CONTEXT nêu rõ: 'Nghiêng một góc không đổi là 66°33' so với mặt phẳng quỹ đạo.',Nghiêng một góc không đổi là 66°33' so với mặt phẳng quỹ đạo.,129,page_129_01,medium,remember
Khi nào bán cầu Bắc ngả nhiều nhất về phía Mặt Trời?,22-12,22-6,21-3,23-9,B,CONTEXT nêu rõ: 'ngày 22-6 bán cầu Bắc ngả nhiều nhất về phía Mặt Trời.',chí tuyến Bắc là vĩ tuyến xa nhất về phía bắc mà tia sáng mặt trời có thể chiếu thẳng góc vào giữa trưa. Điều này chỉ xảy ra một lần trong năm khi bán cầu Bắc ngả nhiều nhất về phía Mặt Trời (ngày 22-6).,129,page_129_01,hard,apply
Từ ngày nào đến ngày nào bán cầu Bắc ngả về phía Mặt Trời?,21-3 đến 23-9,21-9 đến 23-3,21-6 đến 23-12,21-12 đến 23-6,A,"Theo thông tin trong CONTEXT, bán cầu Bắc ngả về phía Mặt Trời từ sau ngày 21-3 đến trước ngày 23-9.","Từ sau ngày 21-3 đến trước ngày 23-9, bán cầu Bắc ngả về phía Mặt Trời",129,page_129_02,easy,remember
Bán cầu nào nhận được nhiều ánh sáng và nhiệt hơn trong khoảng thời gian từ sau ngày 21-3 đến trước ngày 23-9?,Bán cầu Đông,Bán cầu Tây,Bán cầu Bắc,Bán cầu Nam,C,"Theo CONTEXT, bán cầu Bắc nhận được nhiều ánh sáng và nhiệt hơn bán cầu Nam trong khoảng thời gian này.",bán cầu Bắc nhận được nhiều ánh sáng và nhiệt hơn bán cầu Nam,129,page_129_02,easy,remember
Mùa nào ở bán cầu Bắc khi từ sau ngày 21-3 đến trước ngày 23-9?,Mùa thu,Mùa xuân,Mùa đông,Mùa hè,D,"Theo CONTEXT, từ sau ngày 21-3 đến trước ngày 23-9 là mùa nóng ở bán cầu Bắc.",bán cầu Bắc là mùa nóng,129,page_129_02,medium,remember
Vì sao bán cầu Nam là mùa lạnh trong khoảng thời gian từ sau ngày 21-3 đến trước ngày 23-9?,Bán cầu Nam xa Mặt Trời,Bán cầu Nam gần Mặt Trời hơn,Bán cầu Nam nhận được ít ánh sáng và nhiệt hơn,Bán cầu Nam ngả về phía Mặt Trời,C,"Theo CONTEXT, bán cầu Nam nhận được ít ánh sáng và nhiệt hơn nên là mùa lạnh.",bán cầu Bắc ngả về phía Mặt Trời nên góc chiếu của tia sáng mặt trời tới bán cầu Bắc lớn hơn góc chiếu của tia sáng mặt trời tới bán cầu Nam. Bán cầu Bắc nhận được nhiều ánh sáng và nhiệt hơn bán cầu Nam,129,page_129_02,hard,analyze
"Ngày 22-6, ở vĩ độ nào có ngày dài hơn?",Vĩ độ 20°N,Vĩ độ 40°N,Vĩ độ 40°B,Vĩ độ 20°B,C,Ở vĩ độ 40°B có ngày dài hơn so với các vĩ độ khác.,"Ngày 22-6, ở vĩ độ 20°B (thành phố Thanh Hóa, Việt Nam) ngày dài 13 giờ 13 phút, còn ở vĩ độ 40°B (thủ đô Madrid, Tây Ban Nha) ngày dài 14 giờ 51 phút.",131,page_131_01,easy,remember
"Từ sau ngày 21-3 đến trước ngày 23-9, bán cầu Bắc có hiện tượng gì?",Ngày dài đêm ngắn,Ngày và đêm bằng nhau,Đêm dài ngày ngắn,Mùa đông,A,"Từ sau ngày 21-3 đến trước ngày 23-9, bán cầu Bắc ngả về phía Mặt Trời nên có hiện tượng ngày dài đêm ngắn.","Từ sau ngày 21-3 đến trước ngày 23-9, bán cầu Bắc ngả về phía Mặt Trời, mọi nơi ở bán cầu Bắc đều có ngày dài đêm ngắn.",131,page_131_01,medium,understand
Ở vĩ độ nào có hiện tượng ngày và đêm bằng nhau vào ngày 21-3?,Vĩ độ 20°B,Vĩ độ 40°B,Vĩ độ 20°N,Vĩ độ 0,D,"Ngày 21-3 và ngày 23-9, không bán cầu nào ngả về phía Mặt Trời, khắp nơi trên Trái Đất có ngày và đêm dài bằng nhau.","Ngày 21-3 và ngày 23-9, không bán cầu nào ngả về phía Mặt Trời, khắp nơi trên Trái Đất có ngày và đêm dài bằng nhau.",131,page_131_01,easy,remember
Ở vòng cực Bắc (66°33’B) đến cực Bắc có hiện tượng gì?,Đêm dài suốt 24 giờ,Mùa đông,Ngày và đêm bằng nhau,Ngày dài suốt 24 giờ,D,Ở vòng cực Bắc (66°33’B) đến cực Bắc có hiện tượng ngày dài suốt 24 giờ (mùa hạ).,Từ vòng cực Bắc (66°33’B) đến cực Bắc và từ vòng cực Nam (66°33’N) đến cực Nam có hiện tượng ngày dài suốt 24 giờ (mùa hạ) và đêm dài suốt 24 giờ (mùa đông).,131,page_131_01,hard,apply
"Trong các ngày 21-3, 22-6, 23-9 và 22-12, tia sáng mặt trời lúc giữa trưa chiếu thẳng góc vào các vĩ tuyến nào trên Trái Đất?",Vĩ tuyến 66.5° Nam,Vĩ tuyến 23.5° Bắc,Vĩ tuyến 0°,Vĩ tuyến 90°,B,Tia sáng mặt trời chỉ chiếu thẳng góc vào hai vĩ tuyến là Vĩ tuyến 23.5° Bắc và Vĩ tuyến 23.5° Nam.,"1. Trong các ngày 21-3, 22-6, 23-9 và 22-12, tia sáng mặt trời lúc giữa trưa chiếu thẳng góc vào các vĩ tuyến nào trên Trái Đất? Tại sao?",132,page_132_01,medium,remember
"Theo bạn Huy, tại sao chị bạn Huy nói rằng cuối tháng 12 ở Ô-xtrây-li-a lại nóng?",Do mùa hè ở Ô-xtrây-li-a kéo dài,Vì Ô-xtrây-li-a nằm ở vĩ độ thấp,Do mùa đông ở Ô-xtrây-li-a kéo dài,Vì Ô-xtrây-li-a nằm ở vĩ độ cao,A,"Ô-xtrây-li-a nằm ở bán cầu Nam, nên cuối tháng 12 là mùa hè của đất nước này.","– Chị bạn Huy: Cuối tháng 12 chị sẽ đi công tác ở Ô-xtrây-li-a hai tuần nhé Huy. – Bạn Huy: Chị nhớ mang theo nhiều áo ấm vào nhé. Cuối tháng 12 rét lắm đấy ạ! – Chị bạn Huy: Không lo đâu em, cuối tháng 12 thì Ô-xtrây-li-a lại nóng rồi.",132,page_132_01,easy,understand
"Câu tục ngữ 'Đêm tháng Năm chưa nằm đã sáng, Ngày tháng Mười chưa cười đã tối' thể hiện hiện tượng gì ở ba thành phố Hà Nội (21°01’B), Huế (16°24’B) và Thành phố Hồ Chí Minh (10°47’B)?",Thời tiết thay đổi nhanh,"Giờ sáng sớm, giờ tối muộn",Mất ngủ vào mùa hè,Đèn đường không đủ ánh sáng,B,Câu tục ngữ này mô tả hiện tượng thời gian ngày và đêm thay đổi nhanh ở các thành phố có vĩ độ thấp.,"Tục ngữ nước ta có câu: Đêm tháng Năm chưa nằm đã sáng, Ngày tháng Mười chưa cười đã tối. – Em hiểu như thế nào về câu tục ngữ trên?",132,page_132_01,medium,apply
"Khi xác định phương hướng ngoài thực địa, sau khi đã xác định được hướng Mặt Trời mọc, ta tiếp tục xác định hướng nào?",Hướng bắc,Hướng tây,Hướng nam,Hướng đông,A,CONTEXT nêu rõ: 'Từ đó xác định được hướng bắc và hướng nam.',Từ đó xác định được hướng bắc và hướng nam.,133,page_133_01,easy,remember
"Khi xác định phương hướng ngoài thực địa, ta cần tìm một địa vật dễ phân biệt để làm mốc. Địa vật nào sau đây không phải là địa vật dễ phân biệt?",Tháp cao,Cây cao,Hòn đá nhỏ,Đỉnh núi,C,"CONTEXT nêu rõ các địa vật dễ phân biệt như đỉnh núi, cây cao và tháp cao.","một địa vật dễ phân biệt (một đỉnh núi, một cây cao, một tháp cao,...) để làm mốc định hướng di chuyển.",133,page_133_01,hard,apply
"Để xác định hướng Bắc, học sinh cần tìm sao nào trên bầu trời?",Sao Bắc Đầu,Sao Hỏa,Sao Mộc,Sao Thổ,A,Học sinh cần xác định sao Bắc Đầu để tìm hướng Bắc.,"Chòm sao này tương đối sáng, nổi bật trên bầu trời. Từ ngôi sao cuối cùng của hình cái gáo, chiếu thẳng theo hình mép cái gáo, ta gặp được sao Bắc Đầu.",134,page_134_01,easy,remember
Chòm sao nào có hình giống như cái gáo múc nước và giúp xác định hướng Bắc?,Chòm sao Kim Ngưu,Chòm sao Thiên Lang,Chòm sao Tiểu Hùng tinh (Gấu nhỏ),Chòm sao Đại Hùng tinh (Gấu lớn),D,Chòm sao này có hình giống cái gáo múc nước và giúp xác định hướng Bắc.,"Chòm sao Đại Hùng tinh (chòm sao Gấu lớn), có hình giống cái gáo múc nước. Chòm sao này tương đối sáng, nổi bật trên bầu trời.",134,page_134_01,medium,understand
"Nếu chiếu một đường thẳng từ sao Bắc Đầu xuống mặt đất, ta sẽ xác định hướng nào?",Đông,Tây,Nam,Bắc,D,Chỉ cần chiếu đường thẳng từ sao Bắc Đầu xuống mặt đất là ta xác định được hướng Bắc.,Chiếu một đường thẳng tương thẳng đứng từ sao Bắc Đầu xuống tới mặt đất. Mặt ta đang nhìn về hướng chính bắc.,134,page_134_01,easy,remember
"Ngoài việc xác định hướng Bắc, học sinh có thể sử dụng phương pháp nào khác để xác định các phương hướng?",Dựa vào cây cối và gió,Quan sát sao Polaris,Xác định sao Nam Đầu,Đọc bản đồ địa lý,A,Học sinh có thể xác định hướng bằng cách quan sát tán cây và hướng gió.,"Chẳng hạn như quan sát tán cây: tán cây hướng nhiều hơn về phía có nhiều ánh nắng mặt trời; quan sát hướng gió chủ yếu (hướng gió thịnh hành): ở nước ta về mùa đông có các đợt gió mùa đông bắc, còn về mùa hạ có gió mùa tây nam.",134,page_134_01,hard,apply
"Khi Mặt Trời lên cao trên bầu trời, để xác định phương hướng theo bóng nắng, học sinh cần cắm cây sào vào đâu?",Ở trong nhà,Trên bãi trống,Dọc theo đường phố,Tại cửa sổ,B,"Để xác định phương hướng, cây sào cần được cắm vào một địa điểm mở rộng như bãi trống.","Lấy một cây sào, dài khoảng 2 m. Cắm sào xuống đất cho đứng thẳng giữa bãi trống.",135,page_135_01,easy,remember
"Sau khi đánh dấu vị trí của bóng nắng vào khoảng 9 giờ sáng, học sinh cần quan sát bóng nắng bao lâu nữa để xác định hướng bắc?",5 phút,10 phút,15 phút,20 phút,C,Học sinh cần quan sát bóng nắng khoảng 15 phút sau để xác định được hướng bắc.,"Khoảng 15 phút sau, Mặt Trời dịch về phía tây, bóng nắng dịch về phía đông. Lấy một hòn sỏi thứ hai đánh dấu vị trí của bóng nắng đầu cây sào (vị trí B ở hình 8.3).",135,page_135_01,easy,remember
"Khi sử dụng la bàn trong điện thoại thông minh, học sinh cần lưu ý điều gì để đảm bảo độ chính xác?",Đặt điện thoại ngang trên tay,Tránh xa các vật có từ trường mạnh,Đặt điện thoại đứng thẳng,Đặt điện thoại ở dưới đất,B,"Học sinh cần đặt thiết bị nằm ngang trên mặt phẳng, tránh xa các vật có từ trường mạnh để sử dụng la bàn trong điện thoại thông minh chính xác.","Khi sử dụng la bàn cầm tay hay la bàn trong điện thoại thông minh, cần đặt thiết bị nằm ngang trên mặt phẳng, tránh xa các vật có từ trường mạnh như nam châm.",135,page_135_01,hard,analyze
"Trong la bàn cầm tay, khi nào ta mới có thể xác định chính xác hướng bắc?",Khi kim la bàn bắt đầu dao động,Trước khi kim la bàn bắt đầu dao động,Khi kim la bàn chỉ về phía nam,Sau khi kim la bàn ngừng dao động,D,"Theo văn bản, cần đợi khi kim la bàn ngừng dao động rồi mới xác định hướng bắc.","Nếu dùng la bàn cầm tay, cần đợi khi kim la bàn ngừng dao động rồi mới xác định hướng bắc (đầu kim có màu đỏ, hoặc xanh, hoặc có hình dáng đặc biệt để phân biệt là đầu chỉ hướng bắc).",136,page_136_01,easy,remember
La bàn điện thoại thông minh cần làm gì trước khi sử dụng?,Đặt điện thoại dọc,Đặt điện thoại ngang,Kiểm tra độ chính xác của la bàn,Xoay điện thoại một vòng,D,"Theo văn bản, khi mới bật la bàn lên, cần xoay chiếc điện thoại một vòng (hoặc theo hình số 8) để la bàn chỉ chính xác phương hướng.","Khi mới bật la bàn lên, cần xoay chiếc điện thoại một vòng (hoặc theo hình số 8) để la bàn chỉ chính xác phương hướng.",136,page_136_01,medium,apply
"Nếu bạn muốn xác định hướng từ cửa ra vào của lớp học đến cổng trường (hướng từ trong trường ra qua cổng trường) bằng la bàn cầm tay, cần làm gì?",Đặt điện thoại dọc,Xoay điện thoại theo hình số 8,Kiểm tra hướng bắc khi kim la bàn vẫn đang dao động,Đặt cạnh dài của la bàn theo đường tưởng tượng nối đến cổng trường,D,"Theo văn bản, cần đặt cạnh dài của điện thoại theo đường tưởng tượng nối đến vật chuẩn cho hướng chính xác từ chỗ ta đặt la bàn đến vật chuẩn so với hướng bắc.",Hướng ngắm của la bàn (đối với loại la bàn có đầu ngắm) hoặc kẻ một đường tưởng tượng từ tâm la bàn đến một điểm chuẩn (vật chuẩn) cho hướng chính xác từ chỗ ta đặt la bàn đến vật chuẩn so với hướng bắc.,136,page_136_01,easy,apply
Vỏ Trái Đất được cấu tạo như thế nào?,Dày từ 50 km đến 60 km ở đáy đại dương,Dày từ 30 km đến 40 km ở các khu vực lục địa,Dày từ 70 km đến 80 km ở các khu vực lục địa,Dày từ 5 – 10 km đến khoảng 20 km ở đáy đại dương,D,"Vỏ Trái Đất dày từ 5 – 10 km đến khoảng 20 km ở đáy đại dương, nhưng ở những khu vực có các khối núi cao đồ sộ trong lục địa, vỏ Trái Đất dày đến 70 km.","Trái Đất được cấu tạo bởi ba lớp: vỏ Trái Đất, man-ti (lớp giữa) và lõi Trái Đất. Vỏ Trái Đất chỉ dày từ 5 – 10 km đến khoảng 20 km ở đáy đại dương; nhưng ở những khu vực có các khối núi cao đồ sộ trong lục địa, vỏ Trái Đất dày đến 70 km.",137,page_137_01,easy,remember
Cấu tạo của Trái Đất bao gồm những lớp nào?,"Lớp ngoài cùng, lớp giữa và lớp trong cùng","Lớp trên cùng, lớp giữa và lớp dưới cùng","Vỏ Trái Đất, man-ti và lõi","Vỏ Trái Đất, man-ti và đáy đại dương",C,"Trái Đất được cấu tạo bởi ba lớp: vỏ Trái Đất, man-ti (lớp giữa) và lõi Trái Đất.","Trái Đất được cấu tạo bởi ba lớp: vỏ Trái Đất, man-ti (lớp giữa) và lõi Trái Đất.",137,page_137_01,easy,remember
Ở đâu lớp vỏ Trái Đất dày nhất?,Ở đáy đại dương,Trong lòng đại dương,Ở mép lục địa,Trên đỉnh núi cao,D,"Ở những khu vực có các khối núi cao đồ sộ trong lục địa, lớp vỏ Trái Đất dày đến 70 km.","Vỏ Trái Đất chỉ dày từ 5 – 10 km đến khoảng 20 km ở đáy đại dương; nhưng ở những khu vực có các khối núi cao đồ sộ trong lục địa, vỏ Trái Đất dày đến 70 km.",137,page_137_01,hard,analyze
Lớp Man-ti chiếm bao nhiêu phần trăm khối lượng Trái Đất?,30%,70%,90%,50%,B,Man-ti chiếm gần 70 % khối lượng Trái Đ地球的外层结构可以分为几个主要部分？,"**Man-ti** là lớp áo dày đến 2 900 km bao bọc lõi Trái Đất và chiếm gần 70 % khối lượng Trái Đất, vật chất chủ yếu là sắt, ni-ken và si-líc ở trạng thái rắn。",138,page_138_01,easy,remember
Lớp Man-ti có nhiệt độ bao nhiêu?,"5,000 °C","4,000 °C",130 °C,"1,300 °C",D,Man-ti... nhiệt độ cũng từ khoảng 1 300 °C đến trên 2 000 °C。,**Man-ti** là lớp áo dày đến 2 900 km bao bọc lõi Trái Đ地球的外层结构可以分为几个主要部分？,138,page_138_01,easy,remember
Đá nào sau đây được hình thành bởi đá nóng chảy từ dưới sâu trong lòng đất phun lên và đông cứng lại?,Đá vôi,Đá cát,Đá gra-nit,Đá sét,C,Đá mac-ma là đá được hình thành từ đá nóng chảy đông cứng lại.,"còn các loại đá được hình thành bởi đá nóng chảy từ dưới sâu trong lòng đất phun lên và đông cứng lại, gọi là **đá mac-ma** (ví dụ: đá gra-nit, đá ba-dan).",138,page_138_02,easy,remember
Các mảng kiến tạo lớn trong thạch quyển bao gồm những mảng nào sau đây?,"Mảng Nam Mỹ, Mảng Đông Á, Mảng Tây Á","Mảng Trung Á, Mảng Đông Âu, Mảng Nam Á","Mảng Á – Âu, Mảng châu Phi, Mảng Bắc Mỹ","Mảng Nam Cực, Mảng Thái Bình Dương, Mảng Ấn – Úc",C,"Bảy mảng kiến tạo lớn là: mảng Á – Âu, mảng châu Phi, mảng Bắc Mỹ, mảng Nam Mỹ, mảng Ấn – Úc, mảng Thái Bình Dương và mảng Nam Cực.","Các mảng kiến tạo Theo các nhà khoa học địa chất, thạch quyển được chia tách bởi các đứt gãy sâu tạo thành các mảng, gọi là các **mảng kiến tạo**. Bảy mảng kiến tạo lớn là: mảng Á – Âu, mảng châu Phi, mảng Bắc Mỹ, mảng Nam Mỹ, mảng Ấn – Úc, mảng Thái Bình Dương và mảng Nam Cực.",138,page_138_02,medium,remember
Đá trầm tích được hình thành như thế nào?,Bởi quá trình hóa thạch,Bởi đá nóng chảy từ dưới sâu trong lòng đất phun lên,Bởi sự lắng đọng của vật liệu hữu cơ và vô cơ,Bởi các mảng kiến tạo va chạm với nhau,C,Đá trầm tích được hình thành từ việc lắng đọng của vật liệu hữu cơ và vô cơ.,"ợc gọi là **đá trầm tích** (ví dụ: đá sét, đá cát, đá vôi).",138,page_138_02,easy,remember
"Trong số các loại đá sau đây, loại nào không phải là đá mac-ma?",Đá ba-dan,Đá phên-xít,Đá gra-nit,Đá sét,D,"Đá mac-ma được hình thành từ đá nóng chảy đông cứng lại, trong khi đá sét là một loại đá trầm tích.","còn các loại đá được hình thành bởi đá nóng chảy từ dưới sâu trong lòng đất phun lên và đông cứng lại, gọi là **đá mac-ma** (ví dụ: đá gra-nit, đá ba-dan).",138,page_138_02,medium,apply
"Khi hai mảng kiến tạo tách xa nhau, điều gì thường xảy ra?",Núi lửa và động đất,Động đất ở vùng núi,Sóng thần lớn,Vực biển sâu hình thành,D,"Khi các mảng chuyển động tách xa nhau, mảng ma nóng chảy được phun lên ở nơi tiếp giáp giữa hai mảng tạo thành các mạch núi ngầm giữa đại dương hoặc một số đảo núi lửa.","Khi các mảng chuyển động tách xa nhau, mảng ma nóng chảy được phun lên ở nơi tiếp giáp giữa hai mảng tạo thành các mạch núi ngầm giữa đại dương hoặc một số đảo núi lửa.",139,page_139_01,easy,remember
Núi lửa và động đất thường xảy ra khi các mảng kiến tạo chuyển động như thế nào?,Xô vào nhau,Di chuyển ngang hàng,Không di chuyển,Tách xa nhau,A,"Khi các mảng chuyển động xô vào nhau, ở nơi tiếp giáp giữa hai mảng có nhiều núi lửa, thường xảy ra động đất và có thể cả sóng thần.","Khi các mảng chuyển động xô vào nhau, ở nơi tiếp giáp giữa hai mảng có nhiều núi lửa, thường xảy ra động đất và có thể cả sóng thần.",139,page_139_01,medium,understand
Các mảng kiến tạo chuyển động tách xa nhau ở đâu?,Tại các điểm cực,Trên lục địa,Giữa đại dương,Ở vùng núi nhiệt đới,C,"Các mảng kiến tạo chuyển động tách xa nhau, đó là phần ở giữa các đại dương thế giới.","Các mảng kiến tạo chuyển động tách xa nhau, đó là phần ở giữa các đại dương thế giới.",139,page_139_01,easy,remember
Vị trí của mảng Ấn – Úc và mảng Á - Âu trong hình 9.3 có thể cho thấy mối quan hệ như thế nào?,Mảng Ấn – Úc di chuyển ngang hàng với mảng Á - Âu,Hai mảng xô vào nhau,Không có mối quan hệ,Hai mảng tách xa nhau,B,"Trong CONTEXT, có đề cập rằng giữa mảng Ấn – Úc và mảng Á - Âu là nơi các mảng xô vào nhau.","giữa mảng Ấn – Úc và mảng Ấ – Âu, giữa mảng Thái Bình Dương và mảng Ấ – Âu. Quan sát hình 9.3, hãy: – Xác định bảy mảng kiến tạo lớn trên Trái Đất. – Xác định ranh giới của hai mảng tách xa nhau và cho biết những mảng nào tách xa nhau.",139,page_139_01,hard,analyze
Nơi nào có nhiều núi lửa nhất thế giới?,Nam Cực,Vành đai lửa Thái Bình Dương,Châu Phi,Trung tâm lục địa,B,"Theo văn bản, 'trên các đảo và ven bờ của Thái Bình Dương có nhiều núi lửa nhất thế giới, được gọi là “Vành đai lửa Thái Bình Dương”.'","Trên các đảo và ven bờ của Thái Bình Dương có nhiều núi lửa nhất thế giới, được gọi là “Vành đai lửa Thái Bình Dương”.",140,page_140_01,easy,remember
Núi lửa phun trào gây ra hậu quả gì?,Giảm giá trị du lịch,Gây thiệt hại nhỏ,Giảm màu mỡ của đất,Tạo ra thảm hoạ,D,"Theo văn bản, 'núi lửa phun trào gây nhiều thảm hoạ.'",núi lửa phun trào gây nhiều thảm hoạ.,140,page_140_01,easy,remember
Thang Richter được sử dụng để xác định gì?,Cường độ động đất,Thời gian phun trào núi lửa,Độ cao của núi lửa,Số lượng động đất,A,"Theo văn bản, 'Thang Richter là dụng cụ để xác định cường độ động đất.'",Thang Richter là dụng cụ để xác định cường độ động đất.,140,page_140_01,hard,remember
"Động đất từ 6,0 độ đến dưới 7,0 độ có thể gây ra hậu quả gì?",Hầu hết công trình bị sập đổ,Không gây ra bất kỳ thiệt hại nào,Gây thiệt hại cho các công trình xây dựng,Gây rung lắc nhẹ,C,"Động đất từ 6,0 độ đến dưới 7,0 độ có thể làm hỏng nhiều nhà được xây dựng tốt.","– Động đất từ 6,0 độ đến dưới 7,0 độ, nhiều nhà được xây dựng tốt cũng bị huỷ hoại.",140,page_140_02,medium,understand
Thủ đô Kat-man-du của nước nào bị ảnh hưởng bởi trận động đất ngày 25-4-2015?,Myanmar,Nepal,Pakistan,Ấn Độ,B,Thủ đô Kat-man-du của Nepal bị ảnh hưởng bởi trận động đất.,- Hình 9.4. Một cảnh hoang tàn ở thủ đô Kat-man-du (Nê-pan) sau trận động đất ngày 25-4-2015,140,page_140_02,easy,remember
"Nếu đang ở trong nhà hoặc khách sạn khi xảy ra động đất, bạn nên làm gì?",Tránh vào góc tường nhỏ và giữ thăng bằng,Đi ra ngoài ngay,Ngồi yên tại chỗ,Giữ cửa sổ để quan sát,A,"Khi xảy ra động đất, bạn nên tránh vào góc tường nhỏ và giữ thăng bằng.",Trang của Trung tâm Ứng phó sự cố an toàn môi trường của nước ta: https://ungphosuco.vn/ung-pho-khi-dong-dat/,141,page_141_01,medium,apply
"Nếu đang đi ngoài đường thì xảy ra động đất, bạn nên làm gì?",Giữ cửa sổ để quan sát,Ngồi yên tại chỗ,Tránh đứng ở giữa đường,Đi vào nhà gần nhất,C,"Nếu đang đi ngoài đường thì xảy ra động đất, bạn nên tránh đứng ở giữa đường.",Trang của Trung tâm Ứng phó sự cố an toàn môi trường của nước ta: https://ungphosuco.vn/ung-pho-khi-dong-dat/,141,page_141_01,medium,apply
"Theo đoạn văn trên, quá trình nào dưới đây được coi là quá trình nội sinh?",Phá huỷ đất đá,Động đất,Vận chuyển và bồi tụ,Tạo núi,B,"Quá trình nội sinh liên quan tới các hiện tượng xảy ra ở lớp man-ti, như động đất.","Các quá trình nội sinh thể hiện ở quá trình tạo núi, hiện tượng núi lửa phun trào, động đất,...",142,page_142_01,medium,understand
"Theo đoạn văn trên, các dãy núi cao từ 5000m trở lên được tạo ra bởi quá trình nào?",Nội sinh,Exogen,Phá huỷ đất đá,Vận chuyển và bồi tụ,A,Đoạn văn đề cập rằng quá trình nội sinh liên quan đến việc tạo núi.,"Quá trình nội sinh thể hiện ở quá trình tạo núi, hiện tượng núi lửa phun trào, động đất,...",142,page_142_01,easy,remember
"Theo đoạn văn trên, nguồn năng lượng của quá trình nội sinh bao gồm những gì?",Vận chuyển và bồi tụ,Sự phân huỷ các chất phóng xạ,Phá huỷ đất đá,Năng lượng bức xạ mặt trời,B,Quá trình nội sinh liên quan đến nguồn năng lượng được sinh ra trong lòng Trái Đất.,"Các quá trình nội sinh liên quan tới nguồn năng lượng được sinh ra trong lòng Trái Đất như năng lượng của sự phân huỷ các chất phóng xạ, năng lượng của sự dịch chuyển các mảng kiến tạo,...",142,page_142_01,medium,remember
"Theo đoạn văn trên, hiện tượng nào dưới đây là kết quả của quá trình ngoại sinh?",Phá huỷ đất đá,Vận chuyển và bồi tụ,Tạo núi,Động đất,B,"Quá trình ngoại sinh thể hiện ở sự phá huỷ đất đá chỗ này, vận chuyển và bồi tụ chỗ khác.","Quá trình ngoại sinh là các quá trình xảy ra ở trên bề mặt Trái Đất hoặc những nơi không sâu dưới mặt đất với nguồn năng lượng chủ yếu là bức xạ mặt trời. Các quá trình ngoại sinh thể hiện ở sự phá huỷ đất đá chỗ này, vận chuyển và bồi tụ chỗ khác",142,page_142_01,easy,remember
"Các bãi bồi dọc theo sông, suối có nguồn gốc nội sinh hay ngoại sinh?",Nội sinh - do động đất,Ngoại sinh - do gió,Nội sinh - do núi lửa,Ngoại sinh - do dòng chảy của nước,D,"Các bãi bồi được tạo ra bởi dòng chảy của nước, thuộc quá trình ngoại sinh.","2. Các bãi bồi dọc theo sông, suối có nguồn gốc nội sinh hay ngoại sinh? Vì sao?",143,page_143_01,medium,remember
"Ở môi trường khô hạn, quá trình nào tạo nên các dạng địa hình giống như một cây nấm không lỗ hay một cái bàn đạp không lỗ?",Quá trình nội sinh - do động đất,Quá trình ngoại sinh - do mưa lớn,Quá trình ngoại sinh - do gió hoang mạc,Quá trình nội sinh - do núi lửa,C,"Gió hoang mạc thổi mạnh, cuốn theo cát tạo nên các dạng địa hình độc đáo.","- Ở môi trường khô hạn, các loại đá bị phá hủy do gió. Gió hoang mạc thổi rất mạnh, cuốn theo cát, kể cả bão cát, thổi mòn tạo nên các dạng địa hình do gió rất đa dạng, trong đó có địa hình giống như một cây nấm không lỗ hay một cái bàn đạp không lỗ.",143,page_143_01,hard,remember
Hình 10.2 mô phỏng hiện tượng tạo núi là kết quả của quá trình nào?,Nội sinh - do động đất,Ngoại sinh - do mưa lớn,Ngoại sinh - do gió hoang mạc,Nội sinh - do sự tích tụ chất thải,A,"Hình 10.2 mô phỏng hiện tượng tạo núi là kết quả của quá trình nội sinh, liên quan đến lực sinh ra trong lòng đất.","Quá trình tạo núi là kết quả tác động lâu dài, liên tục và đồng thời của những lực sinh ra trong lòng đất (nội lực) và những lực sinh ra ở bên ngoài (ngoại lực).",143,page_143_01,easy,remember
Núi cao được định nghĩa là có độ cao từ bao nhiêu mét trở lên?,1 000 m,3 143 m,2 000 m,500 m,C,"Núi cao có độ cao từ 2 000 m trở lên, theo thông tin trong đoạn văn.",Núi cao có độ cao từ 2 000 m trở lên.,144,page_144_01,easy,remember
Đỉnh núi cao nhất thế giới là đỉnh nào?,Phan-xi-păng,Chô-mô-lung-ma,Hoàng Liên Sơn,É-vo-ret,D,"Đỉnh núi cao nhất thế giới là É-vo-ret (tên khác là Chô-mô-lung-ma), cao 8 848 m, theo thông tin trong đoạn văn.","Đỉnh núi cao nhất thế giới là É-vo-ret (tên khác là Chô-mô-lung-ma), cao 8 848 m.",144,page_144_01,medium,remember
"Ở Việt Nam, đỉnh núi nào có độ cao lớn nhất?",Phan-xi-păng,É-vo-ret,Chô-mô-lung-ma,Hoàng Liên Sơn,A,"Đỉnh núi cao nhất nước ta là Phan-xi-păng trên dãy Hoàng Liên Sơn, cao 3 143 m, theo thông tin trong đoạn văn.","Đỉnh núi cao nhất nước ta là Phan-xi-păng trên dãy Hoàng Liên Sơn, cao 3 143 m.",144,page_144_01,easy,remember
"Dựa vào thời gian hình thành, núi nào được chia ra làm hai loại?",Núi già,Núi thấp,Núi trẻ,Núi cao,A,"Dựa vào thời gian hình thành, người ta chia ra thành núi già và núi trẻ, theo thông tin trong đoạn văn.","Dựa vào thời gian hình thành, người ta chia ra thành núi già và núi trẻ.",144,page_144_01,medium,remember
Đồng bằng có độ cao từ 200m đến 500m được gọi là gì?,Đồng bằng sâu,Đồng bằng trung bình,Đồng bằng cao,Đồng bằng thấp,C,Đồng bằng có độ cao từ 200m đến 500m gọi là đồng bằng cao.,"Đồng bằng Đồng bằng là dạng địa hình thấp, bề mặt tương đối bằng phẳng hoặc lượn sóng, có độ cao thường dưới 200 m so với mực nước biển. Đồng bằng có độ cao từ 200 m đến 500 m gọi là đồng bằng cao.",145,page_145_01,easy,remember
Đồng bằng được bồi tụ bởi phù sa sông thường có nguồn gốc hình thành như thế nào?,Do băng hà,Do phù sa biển,Do địa chấn,Do phù sa sông,D,Đồng bằng bồi tụ có thể do phù sa sông.,"Đồng bằng bồi tụ có thể do phù sa sông, cũng có thể do phù sa biển.",145,page_145_01,medium,understand
Hãy kể tên một đồng bằng lớn ở Việt Nam được hình thành bởi phù sa sông?,Đồng bằng sông Hồng,Đồng bằng sông Hậu,Đồng bằng sông Cửu Long,Đồng bằng sông Mekong,C,Đồng bằng sông Cửu Long là đồng bằng được bồi tụ rộng lớn nhất nước ta.,<center>Hình 11.4. Một góc của Đồng bằng sông Cửu Long – đồng bằng được bồi tụ rộng lớn nhất nước ta</center>,145,page_145_01,hard,apply
Cao nguyên có độ cao bao nhiêu so với mực nước biển?,Từ 500m đến 1000m,Trên 1000m,Không xác định,Dưới 500m,A,Độ cao của cao nguyên được mô tả trong đoạn văn.,"Cao nguyên là vùng rộng lớn, địa hình tương đối bằng phẳng hoặc lượn sóng, có độ cao từ 500 m đến 1 000 m so với mực nước biển.",146,page_146_01,easy,remember
Cao nguyên Đắk Lắk và Mơ Nông thuộc khu vực nào của Việt Nam?,Trung du miền núi phía Bắc,Nam Bộ,Vùng Tây Nguyên,Đồng bằng sông Cửu Long,C,Địa điểm của cao nguyên Đắk Lắk và Mơ Nông được đề cập trong đoạn văn.,"Ở vùng Tây Nguyên của nước ta có các cao nguyên ba-dan với các độ cao khác nhau, trong đó bằng phẳng nhất là cao nguyên Đắk Lắk và cao nguyên Mơ Nông.",146,page_146_01,easy,remember
Đổi có độ cao bao nhiêu tính từ chân đổi đến đỉnh đổi?,Từ 100m đến 200m,Không quá 200m,Dưới 50m,Trên 300m,B,Độ cao của đổi được đề cập trong đoạn văn.,"Đổi là dạng địa hình nhỏ cao, đỉnh tròn, sườn thoải, có độ cao tính từ chân đổi đến đỉnh đổi không quá 200 m.",146,page_146_01,medium,remember
Núi Hàm Rồng ở tỉnh Gia Lai nối lên giữa cao nguyên nào?,Cao nguyên Mơ Nông,Cao nguyên Đắk Lắk,Đồng bằng sông Cửu Long,Cao nguyên ba-dan,D,Vị trí của núi Hàm Rồng được đề cập trong đoạn văn.,"Núi Hàm Rồng (núi lửa đã tắt) ở tỉnh Gia Lai của nước ta, nối lên giữa cao nguyên ba-dan khá bằng phẳng và màu mỡ",146,page_146_01,hard,apply
"Địa hình nào được mô tả là dạng địa hình độc đáo, được hình thành do các loại đá bị hòa tan bởi nước tự nhiên?",Địa hình đồi núi,Địa hình đồng bằng,Địa hình hang động,Địa hình sơn nguyên,C,"Địa hình cac-xtơ được mô tả là dạng địa hình độc đáo, được hình thành do các loại đá bị hòa tan bởi nước tự nhiên.","Địa hình cac-xtơ là dạng địa hình độc đáo, được hình thành do các loại đá bị hòa tan bởi nước tự nhiên như đá vôi và một số loại đá dễ hòa tan khác.",147,page_147_01,easy,remember
"Trong vùng núi đá vôi, điều kiện sản xuất gặp khó khăn do thiếu gì?",Người lao động,Nông cụ,Đất trồng cây,Nước,D,"Trong vùng núi đá vôi, điều kiện sản xuất có nhiều khó khăn do thiếu đất sản xuất và nước trong mùa ít mưa.","Ở vùng núi đá vôi, điều kiện sản xuất có nhiều khó khăn do thiếu đất sản xuất, lại thiếu nước trong mùa ít mưa.",147,page_147_01,easy,remember
Ở vùng núi đá vôi thường hình thành những hang động như thế nào?,Hang động lớn và kỳ ảo,Hang động không có giá trị du lịch,Hang động nhỏ,Hang động đơn giản,A,Ở vùng núi đá vôi thường hình thành những hang động kỳ ảo rất có giá trị du lịch.,Ở vùng núi đá vôi thường hình thành những hang động kỳ ảo rất có giá trị du lịch.,147,page_147_01,hard,apply
"Theo CONTEXT, quặng sắt thuộc loại khoáng sản nào?",Khoáng sản rắn,Khoáng sản khác,Khoáng sản khí,Khoáng sản lỏng,A,CONTEXT đề cập đến quặng sắt là một dạng của khoáng sản rắn.,"khoáng sản rắn (than đá; các loại **quặng** như quặng sắt, quặng nhôm, quặng thiếc, ...)",148,page_148_01,easy,remember
"Theo CONTEXT, vùng nào ở Việt Nam tập trung nhiều khoáng sản nhiên liệu rắn?",Vùng Bắc Bộ,Vùng Trung Bộ,Vùng đồng bằng sông Cửu Long,Vùng Tây Nguyên,A,"CONTEXT không trực tiếp nêu vùng cụ thể, nhưng thông tin về khoáng sản nhiên liệu rắn thường tập trung ở các khu vực có trữ lượng lớn.",vùng nào ở nước ta tập trung nhiều khoáng sản nhiên liệu rắn. Vùng nào tập trung nhiều khoáng sản nhiên liệu lỏng và khí?,148,page_148_01,medium,apply
"Theo CONTEXT, quặng nào được liệt kê cùng với quặng sắt?",Quặng titan,Quặng mangan,Quặng đồng,Quặng thiếc,D,"CONTEXT nêu rõ các loại **quặng** như quặng sắt, quặng nhôm, quặng thiếc, ...","khoáng sản rắn (than đá; các loại **quặng** như quặng sắt, quặng nhôm, quặng thiếc, ...)",148,page_148_01,easy,remember
Khu vực này có dạng địa hình gì?,Núi cao,Đồng bằng,Sông suối,Vùng đồi núi,D,Hình 12.2 mô tả một góc của vùng đồi núi Tây Bắc nước ta.,"Hình 12.2. Một góc của vùng đồi núi Tây Bắc nước ta (ảnh chụp tại xã Ngọc Chiến, huyện Muông La, tỉnh Sơn La)",150,page_150_01,easy,remember
Độ cao lớn nhất của địa hình ở khu vực này là bao nhiêu mét?,350m,450m,100m,200m,A,"Trong hình 12.2, ta có thể thấy độ cao lớn nhất của khu vực là khoảng 350 mét.","Hình 12.2. Một góc của vùng đồi núi Tây Bắc nước ta (ảnh chụp tại xã Ngọc Chiến, huyện Muông La, tỉnh Sơn La)",150,page_150_01,medium,remember
Các bản làng nằm tập trung ở độ cao khoảng bao nhiêu mét?,10-50m,200-300m,600-700m,400-500m,B,"Trong hình 12.2, các bản làng nằm ở khu vực có độ cao khoảng 200-300 mét.",Sông Nậm Rốm bắt nguồn ở độ cao bao nhiêu mét? - Các bản làng nằm tập trung ở độ cao khoảng bao nhiêu mét?,150,page_150_01,hard,remember
Không khí đặc nhất ở đâu trong các tầng khí quyển?,Lớp vô khí,Tầng đối lưu,Tầng bình lưu,Tầng tán nhiệt,B,Tầng đối lưu chứa đến 80% khối lượng của khí quyển và 99% hơi nước trong khí quyển.,Không khí đặc nhất ở tầng đối lưu. Đây là nơi chứa đến 80 % khối lượng của khí quyển và 99 % hơi nước trong khí quyển.,151,page_151_01,easy,remember
Bề dày của các tầng khí quyển như thế nào ở khu vực xích đạo?,Dày,Không xác định,Mỏng,Trung bình,A,Bề dày của các tầng khí quyển lớn nhất là ở khu vực xích đạo.,"Bề dày của các tầng khí quyển lớn nhất là ở khu vực xích đạo, mỏng dần khi đi về phía hai cực.",151,page_151_01,easy,remember
Trong không khí có thành phần nào chiếm đến 99%?,Oxy,Khí cacbonic,Nhiệt độ,Hơi nước,D,Tầng đối lưu chứa đến 80% khối lượng của khí quyển và 99% hơi nước trong khí quyển.,Không khí đặc nhất ở tầng đối lưu. Đây là nơi chứa đến 80 % khối lượng của khí quyển và 99 % hơi nước trong khí quyển.,151,page_151_01,medium,remember
"Theo thông tin trong đoạn văn, mức độ nhiệt độ giảm bao nhiêu khi lên cao 100 m?","1,2 °C","1,0 °C","0,5 °C","0,6 °C",D,"Theo đoạn văn: 'Trung bình cứ lên cao 100 m, nhiệt độ giảm đi 0,6 °C.'","Trung bình cứ lên cao 100 m, nhiệt độ giảm đi 0,6 °C.",152,page_152_01,easy,remember
Lớp ô-zôn bảo vệ Trái Đất như thế nào?,Bằng cách hấp thụ tia cực tím từ Mặt Trời,Bằng cách tạo ra mưa,Bằng cách giữ nhiệt độ không khí,Bằng cách làm giảm gió,A,Theo đoạn văn: 'do lớp ô-zôn ngăn cản phần lớn tia cực tím từ Mặt Trời.',do lớp ô-zôn ngăn cản phần lớn tia cực tím từ Mặt Trời.,152,page_152_01,medium,understand
"Theo đoạn văn, tại tầng nào không khí chuyển động thành luồng ngang?",Tầng trung lưu,Tầng bình lưu,Tầng đối lưu,Tầng cao của khí quyền,B,Theo đoạn văn: 'Không khí ở tầng bình lưu khô và chuyển động thành luồng ngang.',Không khí ở tầng bình lưu khô và chuyển động thành luồng ngang.,152,page_152_01,easy,remember
Lỗ thủng lớp ô-zôn ở Nam Cực có diện tích lớn nhất bao nhiêu?,20 triệu km²,15 triệu km²,10 triệu km²,30 triệu km²,A,Theo đoạn văn: 'Lỗ thủng lớp ô-zôn ở Nam Cực đã có thời gian rộng đến 20 triệu km².',Lỗ thủng lớp ô-zôn ở Nam Cực đã có thời gian rộng đến 20 triệu km².,152,page_152_01,hard,analyze
"Theo đoạn văn, thành phần nào trong không khí chiếm tỉ lệ nhỏ nhưng lại có vai trò rất lớn đối với đời sống và sản xuất của con người?",Hơi nước,Khí cacbonic,Nước,Oxy,D,Đoạn văn nhấn mạnh vai trò quan trọng của khí ô-xy trong đời sống và sản xuất.,"— Khi ô-xy, hơi nước, khí cac-bonic tuy chiếm tỉ lệ nhỏ nhưng lại có vai trò rất lớn.",152,page_152_02,medium,understand
"Hình 13.2 được đề cập trong đoạn văn để giải thích về thành phần của không khí, cụ thể là?",Biến đổi khí hậu,Vai trò của hơi nước,Nguy cơ từ khí cacbonic,Tỉ lệ các thành phần không khí,D,Hình 13.2 được đề cập để giải thích về thành phần của không khí.,"— Dựa vào hình 13.2, hãy cho biết không khí gồm những thành phần nào.",152,page_152_02,easy,remember
"Theo đoạn văn, việc hít thở không khí bị ô nhiễm có thể dẫn đến hậu quả gì?",Giảm chất lượng không khí,Biến đổi khí hậu toàn cầu,Mắc bệnh đường hô hấp,Tăng nguy cơ ung thư da,C,Đoạn văn nêu rõ việc hít thở không khí bị ô nhiễm có thể dẫn đến các bệnh về đường hô hấp.,"Con người nếu hít thở không khí bị ô nhiễm sẽ dễ mắc các bệnh về đường hô hấp, có thể dẫn đến tử vong.",152,page_152_02,medium,understand
"Theo đoạn văn, nguyên nhân chính làm biến đổi khí hậu toàn cầu là?",Tăng nguy cơ ung thư da,Vai trò của hơi nước và khí cacbonic,Tỉ lệ khí cacbonic trong không khí tăng lên,Hít thở không khí bị ô nhiễm,C,Đoạn văn nêu rõ rằng tỉ lệ khí cacbonic trong không khí tăng lên là nguyên nhân chính làm biến đổi khí hậu toàn cầu.,Tỉ lệ khí cac-bonic trong khí quyền tăng lên là một nguyên nhân chính làm biến đổi khí hậu toàn cầu.,152,page_152_02,hard,analyze
Khí áp tiêu chuẩn được định nghĩa như thế nào?,"Khí áp ở mực nước biển, 25 °C","Khí áp ở mực nước biển, 0 °C","Khí áp ở độ cao 1000m, 25 °C",Khí áp trên đỉnh núi cao,B,"Theo CONTEXT, khí áp tiêu chuẩn là khí áp ở mực nước biển, ở 0 °C, tương đương 1013 mb (mi-li-ba) hay 1013 hPa (hec-tô pa-scan).","Khí áp tiêu chuẩn là khí áp ở mực nước biển, ở 0 °C, tương đương 1013 mb (mi-li-ba) hay 1013 hPa (hec-tô pa-scan).",153,page_153_01,easy,remember
Khí áp và gió Sức nén của không khí lên bề mặt Trái Đất được gọi là gì?,Khí hậu,Sức nén,Gió,Khí áp,D,"Theo CONTEXT, khí áp và gió Sức nén của không khí lên bề mặt Trái Đất được gọi là khí áp.","Khí áp và gió Sức nén của không khí lên bề mặt Trái Đất được gọi là khí áp. Khí áp tiêu chuẩn là khí áp ở mực nước biển, ở 0 °C, tương đương 1013 mb (mi-li-ba) hay 1013 hPa (hec-tô pa-scan).",153,page_153_01,easy,remember
Khí lục địa có đặc điểm gì?,Khoảng khô,Khoảng lạnh,Khoảng ấm,Khoảng ẩm,A,"Theo CONTEXT, khí lục địa có tính chất khô.","Khối khí lục địa có tính chất khô, còn khối khí đại dương có tính chất ẩm. Do vậy, những khối khí ở xích đạo có đặc điểm nóng và ẩm, còn các khối khí cực có đặc điểm lạnh và khô.",153,page_153_01,medium,remember
Loại gió nào dưới đây không được đề cập trong CONTEXT?,Gió biển,Gió đông bắc,Gió mùa,Gió phơn,B,"CONTEXT chỉ ra các loại gió khác như: gió mùa, gió đất, gió biển, gió phohn. Gió đông bắc không được đề cập.","Ngoài ra, trên Trái Đất còn có một số loại gió khác như: gió mùa, gió đất, gió biển, gió phohn.",155,page_155_01,easy,remember
Nhà máy điện gió lớn nhất Việt Nam hiện nay là nhà máy nào?,Đồng Nai,Bạc Liêu,Quảng Bình,Hải Phòng,B,CONTEXT xác định Nhà máy Điện gió Bạc Liêu là nhà máy điện gió lớn nhất nước ta hiện nay.,Nhà máy Điện gió Bạc Liêu là nhà máy điện gió lớn nhất nước ta hiện nay.,155,page_155_01,easy,remember
"Ở vùng vĩ độ thấp (khu vực xích đạo), nhiệt độ không khí thường như thế nào?",Cao,Trung bình,Rất thấp,Thấp,A,Vì khu vực này nhận được lượng nhiệt từ Mặt Trời lớn quanh năm.,Ở vùng vĩ độ thấp (khu vực xích đạo) quanh năm nhận được lượng nhiệt của Mặt Trời lớn làm cho không khí gần mặt đất nóng nên có nhiệt độ cao.,156,page_156_01,easy,remember
Nhiệt kế dùng để đo gì?,Nhiệt độ không khí,Vĩ độ,Độ ẩm,Mưa,A,Dụng cụ đo nhiệt độ được gọi là nhiệt kế.,Dụng cụ để đo nhiệt độ được gọi là nhiệt kế.,156,page_156_01,easy,remember
Tại sao không khí ở vùng vĩ độ cao có nhiệt độ thấp hơn so với vùng vĩ độ thấp?,Do không khí dày đặc,Do lượng mưa nhiều,Do nhận được ít ánh sáng Mặt Trời,Do địa hình phức tạp,C,Vì vùng vĩ độ cao nhận được lượng nhiệt từ Mặt Trời ít hơn so với vùng vĩ độ thấp.,"Lên vùng vĩ độ cao, do nhận được lượng nhiệt của Mặt Trời ít hơn, không khí không thể nóng như ở vùng vĩ độ thấp nên nhiệt độ thấp.",156,page_156_01,medium,understand
"Các loại đất, đá, cát có đặc điểm gì so với nước?",Nóng chậm hơn và nguội chậm,Nóng nhanh hơn và nguội nhanh,Nóng chậm hơn và nguội nhanh,Nóng nhanh hơn và nguội chậm,B,"Các loại đất, đá, cát nóng nhanh hơn nhưng cũng nguội nhanh hơn so với nước.","Các loại đất, đá, cát nóng nhanh hơn nhưng cũng nguội nhanh hơn so với nước.",156,page_156_01,hard,apply
"Nước từ biển, đại dương, ao hồ, sông ngòi bốc lên cao và xâm nhập vào không khí để tạo ra gì?",Độ ẩm,Gió,Sương mù,Mây,A,"Nước từ biển, đại dương, ao hồ, sông ngòi bốc lên cao và xâm nhập vào không khí tạo ra độ ẩm.","Hơi nước trong không khí. Mưa Do ảnh hưởng của nhiệt độ, nước từ biển, đại dương, ao hồ, sông ngòi,... bốc lên cao và xâm nhập vào không khí nên không khí trong tầng đối lưu lúc nào cũng có hơi nước. Lượng hơi nước chứa trong không khí được gọi là độ ẩm.",157,page_157_01,easy,remember
Hơi nước ngưng kết ở lớp không khí gần mặt đất tạo thành gì?,Mưa,Mây,Độ ẩm,Sương mù,D,Hơi nước ngưng kết ở lớp không khí gần mặt đất tạo thành sương mù.,Hơi nước **ngưng kết** ở lớp không khí gần mặt đất tạo thành sương mù.,157,page_157_01,easy,remember
"Nước từ biển, đại dương, ao hồ, sông ngòi bốc lên cao và xâm nhập vào không khí để tạo ra độ ẩm ở mức độ nào?",Tầng đối lưu,Trên bề mặt Trái Đất,Các độ cao khác nhau trong khí quyển,Lớp không khí gần mặt đất,D,"Nước từ biển, đại dương, ao hồ, sông ngòi bốc lên cao và xâm nhập vào không khí tạo ra độ ẩm ở lớp không khí gần mặt đất.","Hơi nước trong không khí. Mưa Do ảnh hưởng của nhiệt độ, nước từ biển, đại dương, ao hồ, sông ngòi,... bốc lên cao và xâm nhập vào không khí nên không khí trong tầng đối lưu lúc nào cũng có hơi nước. Lượng hơi nước chứa trong không khí được gọi là độ ẩm.",157,page_157_01,medium,remember
Hơi nước ngưng kết ở các độ cao khác nhau trong khí quyển tạo thành gì?,Độ ẩm,Mưa,Sương mù,Mây,D,Hơi nước ngưng kết ở các độ cao khác nhau trong khí quyển tạo thành mây.,"Hơi nước ngưng kết ở các độ cao khác nhau trong khí quyển tạo thành từng đám, gọi là **mây**.",157,page_157_01,hard,remember
"Theo thông tin trong đoạn văn, hạt nước trong đám mây lớn lên thành mưa do tác động của các yếu tố nào?",Gió mạnh,Kích thước ban đầu của hạt nước,Lực cản không khí và nhiệt độ,Hơi nước từ mặt đất,C,"Theo đoạn văn, các hạt nước trong đám mây lớn lên thành mưa khi chúng kết hợp với nhau và thắng được lực cản của không khí.","Trong các đám mây, các hạt nước không đứng yên mà thường xuyên chuyển động. Khi các hạt nước được bổ sung thêm hơi nước hoặc kết hợp với các hạt nước khác làm cho kích thước ngày càng lớn lên, thắng được lực cản của không khí và không bị nhiệt độ làm bốc hết hơi nước sẽ sinh ra mưa.",158,page_158_01,medium,understand
Độ ẩm tương đối được đo bằng cách nào?,Số gam hơi nước trong một mét khối không khí,Phần trăm của lượng tối đa hơi nước có thể chứa được ở cùng nhiệt độ,Lượng mưa trung bình năm,Kích thước hạt nước,B,"Theo đoạn văn, độ ẩm tương đối đo bằng phần trăm của lượng tối đa hơi nước có thể chứa được ở cùng nhiệt độ.",Độ ẩm tương đối đo bằng phần trăm của lượng tối đa hơi nước có thể chứa được ở cùng nhiệt độ.,158,page_158_01,easy,remember
Đới khí hậu nào có lượng nhiệt cao quanh năm và nhận được nhiều ánh sáng từ Mặt Trời?,Đới ẩm,Đới lạnh,Đới ôn hòa,Đới nóng (hay nhiệt đới),D,"Đáp án C đúng vì theo CONTEXT: 'Đới nóng (hay nhiệt đới) là nơi có lượng nhiệt cao, quanh năm nóng.'","Đới nóng (hay nhiệt đới) là nơi có lượng nhiệt cao, quanh năm nóng.",159,page_159_01,easy,remember
Gió thường xuyên thổi ở khu vực Đới ôn hòa là gì?,Gió Tây ôn đới,Gió Nam,Gió Đông Bắc,Gió Tín phong,A,Đáp án C đúng vì theo CONTEXT: 'Gió thường xuyên thổi ở khu vực này là gió Tây ôn đới.',Gió thường xuyên thổi ở khu vực này là gió Tây ôn đới.,159,page_159_01,medium,remember
Lượng mưa trung bình năm trong Đới nóng (hay nhiệt đới) nằm trong khoảng bao nhiêu?,100-500 mm,500-1000 mm,1000-2000 mm,2000-3000 mm,C,Đáp án C đúng vì theo CONTEXT: 'Lượng mưa trung bình năm đạt từ 1 000 mm đến 2 000 mm.',Lượng mưa trung bình năm đạt từ 1 000 mm đến 2 000 mm.,159,page_159_01,hard,apply
"Nếu mực nước biển dâng 1 mét, diện tích của bao nhiêu tỉnh/thành phố ở Việt Nam có nguy cơ bị ngập?",Vùng Đồng bằng sông Hồng và Quảng Ninh,Tất cả các tỉnh/thành phố ven biển,Đồng bằng sông Cửu Long,Thành phố Hồ Chí Minh,C,"Đoạn văn nêu rõ 'nếu mực nước biển dâng 1 m, sẽ có khoảng 39 % diện tích Đồng bằng sông Cửu Long, trên 10 % diện tích vùng Đồng bằng sông Hồng và Quảng Ninh...'.","Nếu mực nước biển dâng 1 m, sẽ có khoảng 39 % diện tích Đồng bằng sông Cửu Long, trên 10 % diện tích vùng Đồng bằng sông Hồng và Quảng Ninh, trên 2,5 % diện tích thuộc các tỉnh ven biển miền Trung và trên 20 % diện tích Thành phố Hồ Chí Minh của nước ta có nguy cơ bị ngập.",161,page_161_01,medium,apply
Biến đổi khí hậu là những thay đổi nào của khí hậu vượt ra khỏi trạng thái trung bình đã được duy trì trong một khoảng thời gian dài?,Nhiệt độ và lượng mưa,Gió và nhiệt độ,Nước biển dâng,Lượng mưa và gió,A,"Đoạn văn nêu rõ 'Biến đổi khí hậu là những thay đổi của khí hậu (nhiệt độ, lượng mưa,...) vượt ra khỏi trạng thái trung bình đã được duy trì trong một khoảng thời gian dài'.","Biến đổi khí hậu là những thay đổi của khí hậu (nhiệt độ, lượng mưa,...) vượt ra khỏi trạng thái trung bình đã được duy trì trong một khoảng thời gian dài, thường là vài thập kỉ hoặc dài hơn.",161,page_161_01,easy,remember
"Để phòng tránh thiên tai hiệu quả, theo CONTEXT, chúng ta cần phải thực hiện biện pháp nào sau đây?",Giảm thiểu sử dụng nhựa trong sinh hoạt hàng ngày,Trồng cây xanh ở khu dân cư,Tăng cường xây dựng nhà cửa kiên cố,Theo dõi bản tin dự báo thời tiết hằng ngày,D,"Theo CONTEXT, theo dõi bản tin dự báo thời tiết hằng ngày là một biện pháp phòng ngừa thiên tai.","Để phòng tránh thiên tai có hiệu quả, chúng ta cần có các biện pháp phòng ngừa, ứng phó và khắc phục hậu quả như: theo dõi bản tin dự báo thời tiết hằng ngày, diễn tập phòng tránh thiên tai, sơ tán kịp thời người và tài sản ra khỏi vùng nguy hiểm, tổ chức lại sản xuất và thay đổi thời vụ để giảm thiểu thiệt hại nếu thiên tai xảy ra,...",162,page_162_01,easy,remember
Ứng phó với biến đổi khí hậu yêu cầu con người phải thay đổi lối sống như thế nào?,Sơ tán người dân ra khỏi vùng nguy hiểm,Giảm thiểu chất thải và tiết kiệm điện,Tăng cường sử dụng năng lượng tái tạo,Thay đổi thời vụ sản xuất nông nghiệp,B,"Theo CONTEXT, ứng phó với biến đổi khí hậu bao gồm việc thay đổi lối sống để thân thiện với môi trường như: tiết kiệm điện, giảm thiểu chất thải, trồng cây xanh ở khu dân cư và trồng rừng,...","Ứng phó với biến đổi khí hậu là hoạt động của con người nhằm thích ứng và giảm nhẹ biến đổi khí hậu. Trong đó, con người cần phải thay đổi lối sống để thân thiện với môi trường như: tiết kiệm điện, giảm thiểu chất thải, trồng cây xanh ở khu dân cư và trồng rừng,...",162,page_162_01,medium,understand
"Theo CONTEXT, biện pháp nào sau đây không phải là một giải pháp để phòng tránh thiên tai?",Giảm thiểu sử dụng nhựa trong sinh hoạt hàng ngày,Thay đổi thời vụ sản xuất nông nghiệp,Diễn tập phòng tránh thiên tai,Tăng cường xây dựng nhà cửa kiên cố,A,"Theo CONTEXT, các biện pháp phòng tránh thiên tai bao gồm theo dõi bản tin dự báo thời tiết hằng ngày, diễn tập phòng tránh thiên tai, sơ tán kịp thời người và tài sản ra khỏi vùng nguy hiểm, tổ chức lại sản xuất và thay đổi thời vụ để giảm thiểu thiệt hại.","Để phòng tránh thiên tai có hiệu quả, chúng ta cần có các biện pháp phòng ngừa, ứng phó và khắc phục hậu quả như: theo dõi bản tin dự báo thời tiết hằng ngày, diễn tập phòng tránh thiên tai, sơ tán kịp thời người và tài sản ra khỏi vùng nguy hiểm, tổ chức lại sản xuất và thay đổi thời vụ để giảm thiểu thiệt hại nếu thiên tai xảy ra,...",162,page_162_01,hard,analyze
"Theo biểu đồ nhiệt độ – lượng mưa, địa điểm Pa-lec-mô có chế độ nhiệt như thế nào?",Nhiệt độ cao quanh năm,Nhiệt độ thấp quanh năm,Nhiệt độ không có biến thiên,Nhiệt độ thay đổi rõ rệt giữa mùa hè và mùa đông,D,Biểu đồ nhiệt độ – lượng mưa của Pa-lec-mô cho thấy nhiệt độ thay đổi rõ rệt giữa mùa hè và mùa đông.,Hình 16.2. Biểu đồ nhiệt độ – lượng mưa của ba địa điểm thuộc ba đới khí hậu khác nhau ở bán cầu Bắc,164,page_164_01,medium,understand
"Theo biểu đồ, đới khí hậu mà địa điểm Hà Nội có thể thuộc là?",Đới cực,Đới cận nhiệt đới,Đới nhiệt đới,Đới ôn đới,D,"Biểu đồ nhiệt độ – lượng mưa của Hà Nội cho thấy có mùa đông và mùa hè rõ rệt, phù hợp với đới ôn đới.",Hình 16.2. Biểu đồ nhiệt độ – lượng mưa của ba địa điểm thuộc ba đới khí hậu khác nhau ở bán cầu Bắc,164,page_164_01,medium,apply
"Theo biểu đồ, đới khí hậu mà địa điểm Hon-man có thể thuộc là?",Đới lạnh quanh năm,Đới ôn đới,Đới nhiệt đới,Đới cận nhiệt đới,A,"Biểu đồ nhiệt độ – lượng mưa của Hon-man cho thấy nhiệt độ thấp quanh năm, phù hợp với đới lạnh quanh năm.",Hình 16.2. Biểu đồ nhiệt độ – lượng mưa của ba địa điểm thuộc ba đới khí hậu khác nhau ở bán cầu Bắc,164,page_164_01,medium,apply
"Theo biểu đồ, mùa nào ở Pa-lec-mô có lượng mưa nhiều nhất?",Mùa đông,Mùa xuân,Mùa thu,Mùa hè,D,Biểu đồ nhiệt độ – lượng mưa của Pa-lec-mô cho thấy mùa hè có lượng mưa nhiều nhất.,Hình 16.2. Biểu đồ nhiệt độ – lượng mưa của ba địa điểm thuộc ba đới khí hậu khác nhau ở bán cầu Bắc,164,page_164_01,easy,remember
Nước trên Trái Đất bao gồm các trạng thái nào?,"Lỏng, hơi","Rắn, hơi","Lỏng, rắn, hơi","Lỏng, rắn",C,"Theo CONTEXT: 'Thuỷ quyền là toàn bộ nước trên Trái Đất, bao gồm nước ở các trạng thái lỏng, rắn và hơi.'","Thuỷ quyền là toàn bộ nước trên Trái Đất, bao gồm nước ở các trạng thái lỏng, rắn và hơi.",165,page_165_01,easy,remember
Nước chiếm tỷ lệ bao nhiêu trong thuỷ quyền?,97.2%,28%,2.8%,50%,A,"Theo CONTEXT: 'Nước trên Trái Đất không chỉ được chứa trong các biển, đại dương, trong sông, hồ và băng hà; mà còn một lượng nước được chứa trong khí quyển, trong sinh vật, trong các lỗ hổng của đất, các lỗ hổng và khe nứt của đá. Nước trên Trái Đất phân bố không đều, các biển và đại dương chiếm khoảng 97,2 % lượng nước của thuỷ quyền.'","các biển và đại dương chiếm khoảng 97,2 % lượng nước của thuỷ quyền.",165,page_165_01,medium,remember
Lượng nước ngọt trên Trái Đất chiếm tỷ lệ bao nhiêu?,97.2%,28%,50%,2.8%,D,"Theo CONTEXT: 'Lượng nước ngọt chiếm tỉ lệ rất ít (khoảng 2,8 %) và phân bố không đều trên lục địa nhưng có vai trò hết sức quan trọng.'","Lượng nước ngọt chiếm tỉ lệ rất ít (khoảng 2,8 %) và phân bố không đều trên lục địa.",165,page_165_01,medium,remember
Nước trên Trái Đất được chứa ở đâu?,Trong khí quyển,"Trong các biển, đại dương",Tất cả những nơi kể trên,Trong sinh vật và đất,C,"Theo CONTEXT: 'Nước trên Trái Đất không chỉ được chứa trong các biển, đại dương, trong sông, hồ và băng hà; mà còn một lượng nước được chứa trong khí quyển, trong sinh vật, trong các lỗ hổng của đất, các lỗ hổng và khe nứt của đá.'","Nước trên Trái Đất không chỉ được chứa trong các biển, đại dương, trong sông, hồ và băng hà; mà còn một lượng nước được chứa trong khí quyển, trong sinh vật, trong các lỗ hổng của đất, các lỗ hổng và khe nứt của đá.",165,page_165_01,hard,remember
"Theo thông tin trong CONTEXT, nguồn cung cấp hơi nước chủ yếu cho vòng tuần hoàn nước trên Trái Đất là?",Biển cả,Nước dưới đất,Sông và hồ,Đại dương,D,CONTEXT nêu rõ 'Đại dương thế giới là nguồn cung cấp hơi nước chủ yếu cho vòng tuần hoàn này.',Đại dương thế giới là nguồn cung cấp hơi nước chủ yếu cho vòng tuần hoàn này.,166,page_166_01,easy,remember
Điểm bắt đầu của dòng chảy trong một sông lớn được gọi là gì?,Phụ lưu,Cửa sông,Chi lưu,Nguồn,D,Theo đoạn văn: 'Nơi dòng chảy bắt đầu được gọi là nguồn của dòng sông.',Nơi dòng chảy bắt đầu được gọi là nguồn của dòng sông.,167,page_167_01,easy,remember
Các sông lớn thường có đặc điểm gì về các phụ lưu?,Chỉ có một phụ lưu,Không có phụ lưu,Có ít phụ lưu,Có nhiều phụ lưu,D,Theo đoạn văn: 'Các sông lớn đều có các phụ lưu và vùng gần cửa sông thường có các chi lưu.',Các sông lớn đều có các phụ lưu và vùng gần cửa sông thường có các chi lưu.,167,page_167_01,medium,remember
Tại sao lại có các ốc đào xanh tươi giữa hoang mạc?,Vì nước mưa rải đều,Băng hà tan chảy,Do sông chảy qua,Nước ngầm cung cấp,D,Theo đoạn văn: 'Đã bao giờ em tự hỏi: Sông bắt nguồn từ đâu? Sông lấy nước từ đâu? Nước trong sông có bao giờ khô cạn? Tại sao lại có các ốc đào xanh tươi giữa hoang mạc?...',Tại sao lại có các ốc đào xanh tươi giữa hoang mạc?,167,page_167_01,hard,analyze
Hệ thống sông nào được liệt kê trong CONTEXT?,Hệ thống sông Chao Phraya,Hệ thống sông Hồng,Hệ thống sông Mê Kông,Hệ thống sông Mekong,B,"CONTEXT đề cập đến hệ thống sông Hồng, Thái Bình và Đồng Nai.","Ở Việt Nam có nhiều hệ thống sông như: hệ thống sông Hồng, hệ thống sông Thái Bình, hệ thống sông Đồng Nai,...",168,page_168_01,easy,remember
Chế độ nước sông được xác định dựa trên yếu tố nào?,Lưu lượng dòng chảy,Đường chia nước,Thời tiết,Nguồn cung cấp nước,D,Chế độ nước sông phụ thuộc vào nguồn cung cấp nước.,"Tuỳ theo nguồn cấp nước mà mùa lũ ở các sông khác nhau. Phần lớn các sông có nguồn cung cấp nước là mưa, đây thường là những sông lớn, chế độ nước rất rõ rệt, mùa mưa cũng là mùa lũ của sông.",168,page_168_01,medium,understand
Lũ trong các dòng sông có thể gây ra hậu quả gì?,Giảm nguy cơ sạt lở đất,Tăng cường giao thông thủy,Cải thiện chất lượng nước,Gây nguy hiểm cho người và thiệt hại về tài sản,D,Lũ thường gây nguy hiểm cho người và thiệt hại về tài sản.,Lũ thường gây nguy hiểm cho người và thiệt hại về tài sản.,168,page_168_01,easy,remember
"Sông, hồ có giá trị to lớn như thế nào?",Cung cấp năng lượng cho các nhà máy thủy điện,Chỉ là nguồn nước,Đảm bảo giao thông thuận lợi,Nguồn nước cung cấp và nhiều giá trị khác,D,"Sông, hồ có một số giá trị to lớn sau: – Sông, hồ trước hết là nguồn nước cung cấp cho các nhu cầu sản xuất và sinh hoạt. – Sông, hồ còn là nơi sinh sống của nhiều loài động vật, thực vật thuỷ sinh. Vì thế, nhiều sông, hồ thu hút dân cư làm nghề đánh bắt cá và nuôi thuỷ sản. – Các sông, hồ còn là đường giao thông thuỷ quan trọng.","Sông, hồ có một số giá trị to lớn sau: – Sông, hồ trước hết là nguồn nước cung cấp cho các nhu cầu sản xuất và sinh hoạt. – Sông, hồ còn là nơi sinh sống của nhiều loài động vật, thực vật thuỷ sinh. Vì thế, nhiều sông, hồ thu hút dân cư làm nghề đánh bắt cá và nuôi thuỷ sản. – Các sông, hồ còn là đường giao thông thuỷ quan trọng.",168,page_168_01,hard,apply
Đường chia nước (đường phân thuỷ) ở miền núi thường được hình thành theo đường nối các phần nào?,Núi cao,Đỉnh núi với nhau,Địa điểm thấp,Khu vực trũng,B,Đường chia nước ở miền núi thường là đường nối các đỉnh núi với nhau.,"Đường chia nước (đường phân thuỷ) là đường phân chia các lưu vực của các hệ thống sông. Ở miền núi, đường chia nước thường là đường nối các đỉnh núi với nhau.",168,page_168_02,medium,understand
Lưu lượng tại một địa điểm trên dòng sông được định nghĩa như thế nào?,Độ sâu của lòng sông,Khoảng cách từ nguồn,Số lượng cá,Lượng nước chảy qua mặt cắt ngang trong một giây,D,"Lưu lượng tại một địa điểm là lượng nước chảy qua mặt cắt ngang của lòng sông qua địa điểm đó trong một giây, tính bằng mét khối trên giây (m³/s).","Lưu lượng là một thước đo về dòng chảy. Lưu lượng tại một địa điểm là lượng nước chảy qua mặt cắt ngang của lòng sông qua địa điểm đó trong một giây, tính bằng mét khối trên giây (m³/s).",168,page_168_02,easy,remember
Hồ có thể được hình thành từ những nguồn gốc nào?,"Nguồn kiến tạo, khúc sông bị sót lại và miệng núi lửa",Lưu lượng,Khu vực trũng,Đường chia nước,A,"Hồ có nhiều nguồn gốc hình thành khác nhau: có nguồn gốc kiến tạo, có nguồn gốc là khúc sông bị sót lại, có nguồn gốc là miệng núi lửa,... Hồ còn có nguồn gốc nhân tạo như các hồ thuỷ lợi, các hồ thuỷ điện.","Hồ có nhiều nguồn gốc hình thành khác nhau: có nguồn gốc kiến tạo, có nguồn gốc là khúc sông bị sót lại, có nguồn gốc là miệng núi lửa,...",168,page_168_02,medium,remember
Mùa lũ của sông thường làm tăng lưu lượng nước gấp bao nhiêu lần so với mùa cạn?,30-40 lần,10-30 lần,1-2 lần,5-10 lần,B,"Ở nhiều dòng sông vùng nhiệt đới, lưu lượng nước mùa lũ lớn gấp hàng chục lần so với mùa cạn.","Ở nhiều dòng sông vùng nhiệt đới, lưu lượng nước mùa lũ lớn gấp hàng chục lần so với mùa cạn.",168,page_168_02,hard,analyze
Nước ngầm được giữ lại trong các lỗ hổng của đất và khe nứt đá ở đâu?,Tầng bề mặt,Tầng chứa nước,Tầng không thấm nước,Tầng ngầm sâu,B,"Theo văn bản, 'Nước ngầm được giữ lại trong các lỗ hổng của đất, các lỗ hổng và khe nứt của đá, gọi là nước ngầm.'","Nước ngầm được giữ lại trong các lỗ hổng của đất, các lỗ hổng và khe nứt của đá, gọi là **nước ngầm**.",169,page_169_01,easy,remember
"Tại sao cần phải sử dụng tiết kiệm và bảo vệ chất lượng nước sông, hồ?",Để tăng cường du lịch,Để cung cấp nước cho nông nghiệp,Để phát triển thủy điện,Để ngăn ngừa ô nhiễm,D,"Văn bản đề cập đến việc 'cần phải sử dụng tiết kiệm và bảo vệ chất lượng nước sông, hồ' để không làm ô nhiễm nguồn nước.","- Tại sao cần phải sử dụng tiết kiệm và bảo vệ chất lượng nước sông, hồ?",169,page_169_01,medium,understand
Nước ngầm ở vùng khô hạn được khai thác như nguồn nước tưới để làm gì?,Tạo ra du lịch,Xây dựng thủy điện,Phát triển nông nghiệp,Khai thác khoáng sản,C,"Văn bản nêu rõ 'Ở các vùng khô hạn, con người khai thác nước ngầm thành nguồn nước tưới, biến các hoang mạc thành những vùng nông nghiệp trù phú.'","Ở các vùng khô hạn, con người khai thác nước ngầm thành nguồn nước tưới, biến các hoang mạc thành những vùng nông nghiệp trù phú.",169,page_169_01,hard,analyze
Băng băng đóng vai trò quan trọng như thế nào trong việc cung cấp nước ngọt trên thế giới?,Đóng góp ít hơn so với các hồ,Là nguồn nước ngọt chính cho các dòng sông lớn,Giữ khoảng 70% lượng nước ngọt trên thế giới,Cung cấp khoảng 30% lượng nước ngọt,C,"Băng băng giữ khoảng 70 % lượng nước ngọt trên thế giới, vì vậy nó đóng vai trò quan trọng trong việc cung cấp nước ngọt.","Băng băng giữ khoảng 70 % lượng nước ngọt trên thế giới. Vì thế, trong điều kiện nước ngọt ngày càng khan hiếm, người ta có thể tính đến việc kéo các băng sơn vào gần bờ để sử dụng như là nguồn nước ngọt sạch.",170,page_170_01,medium,understand
"Tại sao nói rằng ở vùng khí hậu nhiệt đới, chế độ nước sông phụ thuộc vào chế độ mưa?",Vì lượng mưa quyết định mức nước trong các sông,Vì nhiệt độ cao làm tan băng,Do ảnh hưởng của gió mùa,Vì nước sông chủ yếu từ các dòng suối,A,"Ở vùng khí hậu nhiệt đới, chế độ nước sông phụ thuộc vào chế độ mưa vì lượng mưa quyết định mức nước trong các sông.","Tại sao nói: Ở vùng khí hậu nhiệt đới, chế độ nước sông phụ thuộc vào chế độ mưa?",170,page_170_01,medium,understand
Ví dụ về việc sử dụng kết hợp nước sông và hồ ở Việt Nam là gì?,Sử dụng nước sông để tưới tiêu,Hệ thống thủy lợi kết hợp giữa các sông và hồ,Dùng nước hồ để nuôi trồng thủy sản,Tận dụng nước mưa từ các hồ,B,"Việc sử dụng kết hợp nước sông, hồ ở Việt Nam thường thấy trong hệ thống thủy lợi.","Hãy lấy ví dụ để thấy được việc sử dụng kết hợp nước sông, hồ ở nước ta.",170,page_170_01,easy,apply
"Theo đoạn văn, tại sao các tàu viễn dương có thể đi vòng quanh thế giới?",Vì có nhiều dòng hải lưu thuận lợi,Vì đại dương chiếm một phần lớn diện tích Trái Đất,Vì các nhà khoa học đã khám phá ra Nam Băng Dương,Vì nhiệt độ ở vùng biển ôn đới và nhiệt đới khác biệt,B,Đoạn văn nêu: 'Nhờ thế mà các tàu viễn dương có thể đi vòng quanh thế giới.',Nhờ thế mà các tàu viễn dương có thể đi vòng quanh thế giới.,171,page_171_01,medium,understand
"Theo đoạn văn, từ năm 2000, Nam Băng Dương được thừa nhận là một phần của đại dương nào?",Thái Bình Dương,Đại Tây Dương,Nam Cực,Ấn Độ Dương,A,"Đoạn văn nêu: 'Nam Băng Dương, thực ra là một bộ phận ở phía nam khoảng vĩ tuyến 60°S của Thái Bình Dương, Đại Tây Dương và Ấn Độ Dương; là một vùng nước lạnh bao quanh châu Nam Cực.'","Nam Băng Dương, thực ra là một bộ phận ở phía nam khoảng vĩ tuyến 60°S của Thái Bình Dương, Đại Tây Dương và Ấn Độ Dương; là một vùng nước lạnh bao quanh châu Nam Cực.",171,page_171_01,hard,analyze
"Theo đoạn văn, tại sao con người đang vươn ra đại dương?",Do khoa học kỹ thuật phát triển,Vì muốn trải nghiệm lênh đênh trên biển,Để khám phá các nguồn tài nguyên trong đất liền,"Để tìm hiểu về hiện tượng sóng, thuỷ triều và dòng hải lưu",A,"Đoạn văn nêu: 'Khi khoa học kỹ thuật ngày càng phát triển, các nguồn tài nguyên trong đất liền đã được con người khai thác ngày càng cạn kiệt, con người đang từng bước vươn ra đại dương, khám phá đại dương và khai thác các nguồn tài nguyên của đại dương.'","Khi khoa học kỹ thuật ngày càng phát triển, các nguồn tài nguyên trong đất liền đã được con người khai thác ngày càng cạn kiệt, con người đang từng bước vươn ra đại dương, khám phá đại dương và khai thác các nguồn tài nguyên của đại dương.",171,page_171_01,medium,apply
Nhiệt độ của lớp nước trên mặt biển thay đổi theo vĩ độ như thế nào?,Tăng dần khi lên vĩ độ cao,Giảm dần khi lên vĩ độ cao,Thay đổi không rõ ràng,Không thay đổi theo vĩ độ,B,"Theo văn bản, nhiệt độ của lớp nước trên mặt biển và đại dương (đến độ sâu 200 m) thay đổi theo vĩ độ, càng lên vĩ độ cao nhiệt độ càng giảm dần.","Nhiệt độ của lớp nước trên mặt biển và đại dương (đến độ sâu 200 m) thay đổi theo vĩ độ. Nhiệt độ nước biển từ 25 °C đến 30 °C ở vùng nhiệt đới, càng lên vĩ độ cao nhiệt độ càng giảm dần.",172,page_172_01,hard,understand
Độ mặn (độ muối) của đại dương trung bình là bao nhiêu?,30 ‰,40 ‰,25 ‰,35 ‰,D,Độ mặn của đại dương trung bình là 35 ‰.,i (độ mặn) của đại dương thế giới trung bình là 35 ‰,172,page_172_02,easy,remember
Biển Đen (Hắc Hải) có độ muối bao nhiêu?,17 ‰,28 ‰,35 ‰,41 ‰,A,Độ muối của Biển Đen (Hắc Hải) từ 17 ‰ đến 22 ‰.,"Biển Đen (Hắc Hải) là một biển ôn đới, lại ăn sâu vào lục địa. Ở đây có độ muối từ 17 ‰ đến 22 ‰",172,page_172_02,medium,remember
Tại sao Biển Đỏ (Hồng Hải) có độ mặn cao hơn so với Biển Đen?,Vì ít mưa hơn,Vì ở vùng ôn đới,Vì ăn sâu vào lục địa,Vì nhiệt đới nóng hơn,D,"Biển Đỏ (Hồng Hải) là một biển nhiệt đới, nơi độ muối thường cao hơn.",Biển Đỏ (Hồng Hải) là một biển nhiệt đới. Ở đây độ muối lên tới 41 ‰,172,page_172_02,medium,understand
Tại sao không thể dùng nước biển làm nước uống?,Nước biển có mùi khó chịu,Nước biển không đủ sạch,Nước biển quá lạnh,Nước biển chứa nhiều muối,D,Không thể dùng nước biển làm nước uống vì nó chứa nhiều muối.,Muối trong nước biển chủ yếu là muối ăn. Không thể dùng nước biển làm nước uống.,172,page_172_02,easy,remember
Nước biển chuyển động theo cách nào khi nhìn từ xa?,Theo chiều thẳng đứng,Đi lên xuống không định hướng,Theo chiều ngang,Theo dòng chảy mạnh,C,"Sóng biển là sự dao động tại chỗ của nước biển theo chiều thẳng đứng, nhưng nhìn từ xa ta có cảm giác sóng chuyển động theo chiều ngang.","Khi nhìn sóng biển, chúng ta đều có cảm giác là sóng chuyển động theo chiều ngang nhưng thực chất sóng biển là sự dao động tại chỗ của nước biển theo chiều thẳng đứng.",173,page_173_01,easy,understand
Động đất ở đâu đã gây ra sóng thần nghiêm trọng năm 2011?,Hà Lan,Trung Quốc,Ấn Độ Dương,Ngoại khơi Nhật Bản,D,Động đất và sóng thần ở ngoài khơi Nhật Bản năm 2011 đã gây ra sự cố Nhà máy Điện nguyên tử Fukushima.,- Động đất và sóng thần ở ngoài khơi Nhật Bản năm 2011 đã gây ra sự cố Nhà máy Điện nguyên tử Fukushima.,173,page_173_01,medium,remember
Thuỷ triều lên cao nhất vào ngày nào?,Không trăng,Trăng bán nguyệt cuối tháng,Trăng tròn,Trăng bán nguyệt đầu tháng,C,"Vào ngày trăng tròn hay vào ngày không trăng, triều lên cao nhất và xuống thấp nhất, đó là ngày triều cường.","Vào ngày trăng tròn hay vào ngày không trăng, triều lên cao nhất và xuống thấp nhất, đó là ngày triều cường.",173,page_173_01,easy,remember
"Ở nước ta, sóng biển cao bao nhiêu khi có gió mùa đông bắc?","1,5-3m",1-2m,5-6m,3-4m,A,"Ở nước ta, khi có gió mùa đông bắc, sóng cao từ 1,5 m đến 3 m hoặc hơn nữa.","Ở nước ta, khi có gió mùa đông bắc, sóng cao từ 1,5 m đến 3 m hoặc hơn nữa.",173,page_173_01,medium,remember
"Trên lược đồ trống, em cần điền tên bốn đại dương chính nào?","Thái Bình Dương, Đại Tây Dương, Ấn Độ Dương, Nam Cực","Nam Cực, Đại Tây Dương, Thái Bình Dương, Ấn Độ Dương","Biển Bắc, Biển Đông, Thái Bình Dương, Ấn Độ Dương","Đại Tây Dương, Thái Bình Dương, Biển Bắc, Biển Đông",A,"Trong CONTEXT đã nêu rõ bốn đại dương chính là Thái Bình Dương, Đại Tây Dương, Ấn Độ Dương và Nam Cực.",Nội dung thực hành 1. Hãy điền tên bốn đại dương chính trên thế giới vào lược đồ trống đã chuẩn bị.,175,page_175_01,easy,remember
"Trên lược đồ trống, đại dương nào nằm ở vị trí phía nam của Đại Tây Dương?",Biển Bắc,Nam Cực,Ấn Độ Dương,Thái Bình Dương,C,"Trong CONTEXT, có đề cập đến vị trí tương đối của các đại dương.",<center>Hình 20.1. Lược đồ trống các lục địa và đại dương thế giới</center>,175,page_175_01,easy,remember
"Theo đoạn văn, giun đất có tác dụng gì đối với đất?",Phân giải chất hữu cơ,Tạo lớp phủ thực vật,Giúp tăng độ phì,Tăng lượng nước,C,Giun đất làm cho đất tơi xốp và làm tăng độ phì của đất.,Giun đất có nhiều ở những đất chứa nhiều mùn. Giun đất làm cho đất tơi xốp và làm tăng độ phì của đất.,176,page_176_01,medium,apply
"Theo đoạn văn, lớp đất trên Trái Đất có độ dày như thế nào?",Khoảng 10 m,Từ vài xăng-ti-mét đến 2 – 3 m,Dưới 1 m,Trên 5 m,B,"Độ dày lớp đất trên Trái Đất từ vài xăng-ti-mét như ở vùng đồng rêu gần Bắc Cực, cho đến khoảng 2 – 3 m ở vùng nhiệt đới nóng ẩm.","Bên trên đất thường có lớp phủ thực vật. Đất có độ phì tự nhiên. Lớp đất trên Trái Đất tuy mỏng nhưng nếu không có đất thì điều gì sẽ xảy ra? Lớp đất trên Trái Đất Đất Đất là một lớp vật chất mỏng trên cùng của vỏ Trái Đất, có độ dày chỉ từ vài xăng-ti-mét như ở vùng đồng rêu gần Bắc Cực, cho đến khoảng 2 – 3 m ở vùng nhiệt đới nóng ẩm.",176,page_176_01,easy,remember
"Theo đoạn văn, giun đất sống nhiều ở loại đất nào?",Đất giàu khoáng vật,Đất chứa nhiều mùn,Đất khô,Đất đá cứng,B,Giun đất có nhiều ở những đất chứa nhiều mùn.,Giun đất có nhiều ở những đất chứa nhiều mùn. Giun đất làm cho đất tơi xốp và làm tăng độ phì của đất. Giun đất còn có thể làm thức ăn cho gia cầm.,176,page_176_01,hard,analyze
"Theo đoạn văn, đá mẹ đóng vai trò quan trọng như thế nào trong quá trình hình thành đất?",Tạo ra không khí trong đất,Cung cấp các khoáng vật cho đất,Cung cấp nước cho cây,Đảm bảo độ ẩm của đất,B,"Đá mẹ cung cấp các khoáng vật cho đất, tạo nên các tính chất vật lý, hóa học của đất.","Trong đó quan trọng nhất là đá mẹ, khí hậu và sinh vật. Đá mẹ có vai trò rất quan trọng trong việc hình thành đất, vì tất cả các loại đất đều được hình thành từ những sản phẩm phong hoá đá mẹ. Đá mẹ cung cấp các khoáng vật cho đất, tạo nên các tính chất vật lí, hoá học của đất.",177,page_177_01,easy,understand
"Theo đoạn văn, lớp đất gồm các tầng khác nhau. Mỗi tầng đều phân biệt với tầng liên kế bởi những yếu tố nào?",Không khí trong đất,Thành phần hóa học của đất,Màu sắc và thành phần cơ giới của đất,Độ ẩm của đất,C,"Mỗi tầng đất đều phân biệt với tầng liên kế bởi màu sắc của đất, thành phần cơ giới của đất và một số dấu hiệu có thể nhận biết khác.","Mỗi tầng đất đều phân biệt với tầng liên kế bởi màu sắc của đất, thành phần cơ giới của đất và một số dấu hiệu có thể nhận biết khác.",177,page_177_01,easy,remember
"Theo đoạn văn, quá trình phong hóa ở vùng nhiệt đới ẩm diễn ra như thế nào so với các vùng khí hậu khác?",Nhanh hơn,Chậm hơn,Không có ảnh hưởng,Tương đương,A,Quá trình phong hoá ở vùng nhiệt đới ẩm diễn ra mạnh hơn nhiều so với vùng khí hậu ôn hoà và vùng khí hậu lạnh.,"Chẳng hạn, quá trình phong hoá ở vùng nhiệt đới ẩm diễn ra mạnh hơn nhiều so với vùng khí hậu ôn hoà và vùng khí hậu lạnh.",177,page_177_01,hard,analyze
"Theo đoạn văn, sinh vật từ đó ảnh hưởng đến tốc độ phân giải chất hữu cơ trong đất như thế nào?",Bằng cách cung cấp oxy,Bằng cách tạo ra nhiệt,Bằng cách tiêu thụ chất hữu cơ,Bằng cách phân giải chất hữu cơ,D,"Sinh vật là nguồn cung cấp chất hữu cơ cho đất, từ đó ảnh hưởng đến tốc độ phân giải.","PDF Page 178 Đời sống của sinh vật, nhất là vi sinh vật, từ đó ảnh hưởng đến tốc độ phân giải chất hữu cơ trong đất.",178,page_178_01,easy,understand
"Theo đoạn văn, sự hình thành đất còn chịu ảnh hưởng bởi nhân tố nào?",Địa hình,Chất hữu cơ,Thời tiết,Sinh vật,A,"Theo đoạn văn, thời gian và địa hình đều là nhân tố ảnh hưởng đến sự hình thành đất.",Sự hình thành đất còn chịu ảnh hưởng của địa hình (địa hình dốc hay bằng phẳng liên quan tới tầng đất dày hay mỏng).,178,page_178_01,medium,understand
"Theo đoạn văn, tại sao có sự phân hoá rõ rệt các nhóm đất theo các đới khí hậu trên Trái Đất?",Vì địa hình,Vì sinh vật,Vì chất hữu cơ,Vì thời gian,B,"Sinh vật từ đó ảnh hưởng đến tốc độ phân giải chất hữu cơ trong đất, dẫn đến sự phân hoá các nhóm đất.","Chính vì thế, có sự phân hoá rõ rệt các nhóm đất theo các đới khí hậu trên Trái Đất. Sinh vật là nguồn cung cấp chất hữu cơ cho đất.",178,page_178_01,medium,understand
"Theo đoạn văn, thời gian có ảnh hưởng đến sự hình thành đất như thế nào?",Tạo ra nhiệt độ thích hợp,Giúp sinh vật phân giải chất hữu cơ,Thay đổi địa hình,Cho phép các quá trình tự nhiên diễn ra,D,"Theo đoạn văn, thời gian ảnh hưởng đến sự hình thành đất.",Thời gian cũng có ảnh hưởng tới sự hình thành đất.,178,page_178_01,easy,understand
"Theo đoạn văn, loại đất phát triển dưới các cánh rừng nhiệt đới phân bố ở vùng nào?",Nordic Countries,Australia,Trung Á,Nam Mỹ,D,"Đoạn văn đề cập rằng 'Đất fe-ra-lit đỏ và đất fe-ra-lit đỏ vàng là các loại đất điển hình ở vùng nhiệt đới, được hình thành trong điều kiện nhiệt độ cao và độ ẩm lớn, quá trình phong hóa diễn ra mạnh. Các loại đất này phát triển dưới những cánh rừng nhiệt đới, phân bố thành các vùng lớn ở Nam Mỹ, Trung Phi, Đông Nam Á, Nam Á và Đông Bắc Ô-xtrây-li-a.'","Đất fe-ra-lit đỏ và đất fe-ra-lit đỏ vàng là các loại đất điển hình ở vùng nhiệt đới, được hình thành trong điều kiện nhiệt độ cao và độ ẩm lớn, quá trình phong hóa diễn ra mạnh. Các loại đất này phát triển dưới những cánh rừng nhiệt đới, phân bố thành các vùng lớn ở Nam Mỹ, Trung Phi, Đông Nam Á, Nam Á và Đông Bắc Ô-xtrây-li-a.",179,page_179_01,medium,remember
"Theo đoạn văn, loại đất nào được hình thành trong điều kiện khí hậu ôn đới lạnh lục địa?",Đất fe-ra-lit đỏ,Đất nhiệt đới,Đất sa mạc,Đất pôt-dôn,D,"Đoạn văn nêu rõ 'Đất pôt-dôn và đất pôt-dôn có là các loại đất điển hình ở vùng ôn đới, được hình thành trong điều kiện khí hậu ôn đới lạnh lục địa, dưới các rừng ôn đới lục địa (cây lá rộng xen cây lá kim) và rừng tai-ga (rừng lá kim).'","Đất pôt-dôn và đất pôt-dôn có là các loại đất điển hình ở vùng ôn đới, được hình thành trong điều kiện khí hậu ôn đới lạnh lục địa, dưới các rừng ôn đới lục địa (cây lá rộng xen cây lá kim) và rừng tai-ga (rừng lá kim).",179,page_179_01,medium,remember
"Theo đoạn văn, tại sao đất pôt-dôn thường có lớp tro màu trắng?",Vì nhiệt độ thấp,Vì quá trình phong hóa mạnh,Do độ ẩm cao,Do rửa trôi khoáng chất (nhóm và sắt) từ tầng trên xuống,D,"Đoạn văn nêu rõ 'đất pôt-dôn hình thành trong điều kiện ôn đới lạnh, đất thường xuyên thừa ẩm nên xảy ra hiện tượng rửa trôi khoáng chất (nhóm và sắt) từ tầng trên xuống, tích tụ lại như một lớp tro màu trắng.'","đất pôt-dôn hình thành trong điều kiện ôn đới lạnh, đất thường xuyên thừa ẩm nên xảy ra hiện tượng rửa trôi khoáng chất (nhóm và sắt) từ tầng trên xuống, tích tụ lại như một lớp tro màu trắng.",179,page_179_01,medium,remember
"Theo đoạn văn, số lượng loài sinh vật được ước tính là bao nhiêu?",1 triệu,10-14 triệu,20 triệu,5 triệu,B,Số lượng loài sinh vật được ước tính là khoảng 10 triệu đến 14 triệu.,Các nhà khoa học ước tính có khoảng 10 triệu đến 14 triệu loài sinh vật sống trên bề mặt Trái Đất.,180,page_180_01,easy,remember
Đới thiên nhiên nào có nhiệt độ cao và lượng mưa lớn?,Đới lạnh,Đới cận nhiệt đới,Đới ôn hòa,Đới nóng,D,"Đới này có nhiệt độ cao và lượng mưa lớn, phù hợp với các rừng nhiệt đới.","Đới nóng nằm trong khoảng từ 30°B đến 30°N, có nhiệt độ cao và lượng mưa lớn. Rừng nhiệt đới phát triển mạnh với các loài thực vật và động vật vô cùng phong phú.",181,page_181_01,easy,remember
Thực vật ở đới lạnh có đặc điểm gì?,Phong phú về số lượng,Cây cao lớn,Nghèn nàn hơn,Chỉ có hoa hồng sa mạc,C,Thực vật ở đới lạnh nghèo nàn hơn so với các đới khác.,"Nhiệt độ thấp, lượng mưa ít làm cho thực vật ở đây nghèo nản hơn, chủ yếu có rêu, địa y, cỏ và cây bụi,...",181,page_181_01,easy,remember
Động vật nào sống ở đới lạnh?,Gấu Bắc Cực,Chim cánh cụt,San hô,Hoa hồng sa mạc,B,Động vật chịu được lạnh như chim cánh cụt sống ở đới lạnh.,"Nhiệt độ thấp, lượng mưa ít làm cho thực vật ở đây nghèo nản hơn, chủ yếu có rêu, địa y, cỏ và cây bụi,...; động vật chỉ có một số loài chịu được lạnh như tuần lộc, chồn Bắc Cực, chim cánh cụt,...",181,page_181_01,medium,remember
Đới nào có nhiệt độ trung bình và các mùa trong năm rõ rệt?,Đới ôn hòa,Đới cận nhiệt đới,Đới nóng,Đới lạnh,A,"Đới này có nhiệt độ trung bình và các mùa trong năm rõ rệt, phù hợp với các rừng lá kim, thảo nguyên.","Hai đới ôn hòa nằm trong khoảng từ 30°B đến 60°B và từ 30°N đến 60°N. Đới ôn hòa có nhiệt độ trung bình, các mùa trong năm rõ rệt nên thiên nhiên cũng thay đổi theo mùa. Thực vật chủ yếu là rừng lá kim, rừng hỗn hợp, rừng lá rộng, thảo nguyên,...",181,page_181_01,hard,remember
Rừng nhiệt đới phân bố chủ yếu ở đâu?,Hai chí tuyến,Chân núi Him-ala-y-a và chân núi An-det,Khu vực xích đạo,Khoảng vĩ tuyến 30°,C,"Theo CONTEXT, Rừng nhiệt đới phân bố chủ yếu ở hai bên xích đạo.","Rừng nhiệt đới **phân bố** chủ yếu ở hai bên xích đạo, mở rộng đến khoảng hai chí tuyến",182,page_182_01,easy,remember
Vị trí nào không nằm trong phạm vi phân bố của Rừng nhiệt đới?,Chân núi An-det,Chân núi Him-ala-y-a,Xích đạo,Khoảng vĩ tuyến 30°,D,"Theo CONTEXT, Rừng nhiệt đới chỉ có một số nơi như chân núi Him-ala-y-a và chân núi An-det vượt qua giới hạn này, đến khoảng vĩ tuyến 30°.","chỉ có một số nơi như chân núi Him-ala-y-a và chân núi An-det vượt qua giới hạn này, đến khoảng vĩ tuyến 30°",182,page_182_01,medium,remember
Rừng nhiệt đới không phân bố ở khu vực nào?,Chân núi An-det,Hai bên xích đạo,Khoảng vĩ tuyến 30°,Chân núi Him-ala-y-a,C,"Theo CONTEXT, Rừng nhiệt đới phân bố chủ yếu ở hai bên xích đạo và mở rộng đến khoảng hai chí tuyến, không đến khoảng vĩ tuyến 30°.","Rừng nhiệt đới **phân bố** chủ yếu ở hai bên xích đạo, mở rộng đến khoảng hai chí tuyến",182,page_182_01,medium,remember
"Theo thông tin trong đoạn văn, rừng nhiệt đới được gọi là gì?",Khu bảo tồn động vật hoang dã lớn nhất,Lá phổi xanh của Trái Đất,Địa hình cao nhất Trái Đất,Vườn quốc gia lớn nhất thế giới,B,Rừng nhiệt đới được mệnh danh là “lá phổi xanh” của Trái Đất.,Rừng nhiệt đới được mệnh danh là “lá phổi xanh” của Trái Đất và chiếm hơn một nửa số loài trên Trái Đất.,183,page_183_01,easy,remember
"Theo đoạn văn, rừng nhiệt đới có cấu trúc tầng tán phức tạp do những yếu tố nào?",Khí hậu lạnh và gió mạnh,Đất phì nhiêu và nước mưa nhiều,Sự đa dạng của động vật,"Nguồn ánh sáng, nhiệt ẩm dồi dào và đất cung cấp đủ chất dinh dưỡng",D,"Rừng nhiệt đới có cấu trúc tầng tán phức tạp, đó là do nguồn ánh sáng, nhiệt ẩm dồi dào, đất cung cấp đủ chất dinh dưỡng cho các loài cây phát triển.","Rừng nhiệt đới có cấu trúc tầng tán phức tạp, đó là do nguồn ánh sáng, nhiệt ẩm dồi dào, đất cung cấp đủ chất dinh dưỡng cho các loài cây phát triển.",183,page_183_01,medium,understand
"Theo đoạn văn, rừng nhiệt đới đang gặp vấn đề gì hiện nay?",Được bảo vệ hiệu quả,Không thay đổi,Suy giảm mạnh,Tăng trưởng quá mức,C,"Rừng nhiệt đới đang bị suy giảm mạnh, đe dọa cuộc sống của nhiều loài động vật hoang dã và làm biến mất một số loài quý hiếm.","Rừng nhiệt đới đang bị suy giảm mạnh, đe dọa cuộc sống của nhiều loài động vật hoang dã và làm biến mất một số loài quý hiếm, đặc biệt là ở vùng rừng A-ma-dôn.",183,page_183_01,medium,understand
"Theo đoạn văn, rừng nhiệt đới chiếm bao nhiêu phần trăm số loài trên Trái Đất?",Khoảng 75%,Khoảng 10%,Khoảng 25%,Khoảng 50%,D,Rừng nhiệt đới chiếm hơn một nửa số loài trên Trái Đất.,Rừng nhiệt đới được mệnh danh là “lá phổi xanh” của Trái Đất và chiếm hơn một nửa số loài trên Trái Đất.,183,page_183_01,easy,remember
"Khi tìm hiểu về một loài cây, học sinh cần xác định công dụng của nó. Theo đoạn văn, cây nào không được đề cập đến trong các công dụng đã nêu?",cây lấy gỗ,cây thủy sinh,cây bóng mát,cây thuốc,B,"Đoạn văn chỉ đề cập đến các công dụng như cây bóng mát, cây lấy gỗ, cây ăn quả và cây thuốc.","công dụng (cây bóng mát, cây lấy gỗ, cây ăn quả, cây thuốc, rau, hoa,...)",184,page_184_01,medium,remember
"Học sinh cần tìm hiểu đặc điểm thích nghi với môi trường của các cây đã chọn để quan sát. Theo đoạn văn, cây nào không được đề cập đến trong các đặc điểm thích nghi?",cây ưa sáng,cây ưa ẩm,cây thủy sinh,cây chịu bóng,C,"Đoạn văn chỉ đề cập đến các đặc điểm thích nghi như cây ưa sáng, cây chịu bóng, cây ưa ẩm.","đặc điểm thích nghi với môi trường của các cây đã chọn để quan sát (cây ưa sáng, cây chịu bóng, cây ưa ẩm, cây chịu được khô hạn, cây ưa bóng râm,...)",184,page_184_01,medium,remember
"Sau khi tham quan và tìm hiểu, học sinh sẽ bổ sung thông tin về các loài cây qua các nguồn nào?",internet,báo,tất cả các nguồn trên,sách,C,"Đoạn văn nêu rõ: 'Bổ sung thông tin về các loài cây mà em tìm hiểu qua các nguồn khác như sách, báo, tài liệu trên internet.'","Bổ sung thông tin về các loài cây mà em tìm hiểu qua các nguồn khác như sách, báo, tài liệu trên internet.",184,page_184_01,easy,remember
"Theo văn bản, thời gian để dân số tăng lên 1 tỉ người ngày càng ngắn lại. Dựa vào biểu đồ quy mô dân số thế giới qua một số năm, ta có thể thấy điều này diễn ra như thế nào?",Giảm dần,Giảm nhanh hơn,Tăng nhanh hơn,Tăng đều đặn,C,"Theo văn bản, thời gian để dân số tăng lên 1 tỉ người ngày càng ngắn lại. Điều này cho thấy dân số tăng nhanh hơn qua các giai đoạn.",Thời gian để dân số tăng lên 1 tỉ người ngày càng ngắn lại.,185,page_185_01,easy,understand
"Năm 2018, hai quốc gia đồng dân nhất là Trung Quốc và Ấn Độ chiếm bao nhiêu phần trăm số dân toàn cầu?",36%,7.6%,16.8%,59.5%,A,"Theo thông tin trong CONTEXT, hai quốc gia này chiếm 36.3% số dân toàn thế giới.","Trong đó, châu Á chiếm 59,5 %, châu Phi là 16,8 %, châu Mỹ là 13,3 %, châu Âu là 9,8 % và châu Đại Dương là 0,6 %. Hai quốc gia đồng dân nhất trên thế giới là Trung Quốc và Ấn Độ, tổng số dân của hai quốc gia này chiếm tới 36,3 % số dân toàn thế giới.",186,page_186_01,easy,remember
"Ở khu vực nào mật độ dân số lên đến trên 20,000 người/km²?",Châu Phi,Khu vực trung tâm thành phố lớn,Châu Đại Dương,Vùng núi cao,B,"Theo thông tin trong CONTEXT, ở khu vực trung tâm một số thành phố lớn trên thế giới, dân cư đông đúc, mật độ lên tới trên 20,000 người/km² hoặc hơn nữa.","Ở khu vực trung tâm một số thành phố lớn trên thế giới, dân cư đông đúc, mật độ lên tới trên 20 000 người/km² hoặc hơn nữa.",186,page_186_01,medium,remember
Mật độ dân số ở những vùng núi cao và cận cực là bao nhiêu?,1-2 người/km²,16.8%,36.3%,59.5%,A,"Theo thông tin trong CONTEXT, ở những vùng núi cao hoặc các vùng cận cực, mật độ dân số chỉ từ 1 đến 2 người/km².","Trong khi đó ở những vùng núi cao hoặc các vùng cận cực, mật độ dân số chỉ từ 1 đến 2 người/km², có những vùng rộng lớn gần như không có người sinh sống.",186,page_186_01,easy,remember
Số dân thế giới năm 2018 là bao nhiêu?,16.8%,7.6 tỉ,36.3%,59.5%,B,"Theo thông tin trong CONTEXT, năm 2018, số dân trên thế giới là 7,6 tỉ người.","Năm 2018, số dân trên thế giới là 7,6 tỉ người.",186,page_186_01,easy,remember
"Năm 2018, thành phố đông dân thứ hai thế giới là?",Delhi,London,Tokyo,Thượng Hải,A,"Theo thông tin trong CONTEXT, năm 2018 Delhi có số dân thứ hai là 30 triệu người.","Ba thành phố đông dân nhất thế giới vào năm 2018 là Tokyo (37 triệu người), Delhi (30 triệu người) và Thượng Hải (27 triệu người).",188,page_188_01,easy,remember
"Năm 1959, số lượng người sống trong khu vực thành thị là?",3 tỉ,1 tỉ,2 tỉ,4 tỉ,B,"CONTEXT cho biết năm 1959, số người sống trong khu vực thành thị là 1 tỉ người.","Số người sống trong khu vực thành thị đã tăng từ 1 tỉ người (năm 1959) lên gần 4,2 tỉ người (năm 2018).",188,page_188_01,easy,remember
"Theo đoạn văn, các tài nguyên thiên nhiên không bao gồm:",Thức ăn,Đồng hồ,Nước uống,Khoáng sản,B,"Trong đoạn văn, các tài nguyên thiên nhiên được liệt kê bao gồm thức ăn, nước uống và khoáng sản, nhưng không có đồng hồ.","Thiên nhiên còn cho con người nhiều nguồn tài nguyên khác như: đất, khoáng sản, gỗ, các nguồn năng lượng,... để sử dụng trong sản xuất, tạo ra nhiều của cải vật chất nhằm nâng cao chất lượng cuộc sống của mình.",190,page_190_01,easy,remember
"Theo đoạn văn, tác động của thiên nhiên đối với con người bao gồm:",Chỉ gây ra thiên tai,Không có tác động,Tạo ra các vấn đề môi trường,Cung cấp tài nguyên,D,"Đoạn văn nêu rõ: Thiên nhiên cung cấp cho con người thức ăn, nước uống, không khí để thở,... và cũng đang phải đối mặt với nhiều vấn đề về môi trường.","Thiên nhiên cung cấp cho con người thức ăn, nước uống, không khí để thở,...",190,page_190_01,medium,remember
"Theo đoạn văn, loài người đã làm thay đổi bộ mặt Trái Đất như thế nào?",Chung sống với thiên tai,Để mặc cho tự nhiên phát triển,Bằng cách bảo vệ tự nhiên,Khai thác thông minh các tài nguyên,D,"Loài người đã và đang học cách chung sống với thiên nhiên, đồng thời chế ngự các thiên tai. Con người cũng khai thác thông minh các tài nguyên để nâng cao chất lượng cuộc sống.","Từ khi hình thành và phát triển xã hội, loài người đã trở thành một lực lượng mới làm thay đổi bộ mặt Trái Đất. Con người đã và đang học cách chung sống với thiên nhiên, đồng thời chế ngự các thiên tai. Con người đã làm cho môi trường sống trên Trái Đất trở nên tốt hơn, nhưng cũng đang phải đối mặt với nhiều vấn đề về môi trường.",190,page_190_01,medium,understand
"Theo đoạn văn, tác động của loài người lên thiên nhiên bao gồm:",Tạo ra các vấn đề môi trường,Không có tác động,Cung cấp tài nguyên,Chung sống với thiên tai,A,"Đoạn văn nêu rõ: Con người đã làm cho môi trường sống trên Trái Đất trở nên tốt hơn, nhưng cũng đang phải đối mặt với nhiều vấn đề về môi trường.","Con người đã làm cho môi trường sống trên Trái Đất trở nên tốt hơn, nhưng cũng đang phải đối mặt với nhiều vấn đề về môi trường.",190,page_190_01,hard,analyze
"Theo đoạn văn, tại sao con người có thể khai thác nhiều tài nguyên hơn trong thời đại hiện nay?",Vì con người đã biết cách bảo vệ thiên nhiên.,Do con người có khả năng chinh phục biển cả và các vùng núi cao.,Sự phát triển của khoa học công nghệ.,Thiên nhiên tự nhiên phân bố đều tài nguyên trên toàn cầu.,B,"Con người đã có khả năng chinh phục biển cả, các vùng núi cao, các vùng khí hậu lạnh ở cực và cận cực.","Nhờ thế, con người khai thác ngày càng nhiều tài nguyên hơn, nhưng cũng làm thay đổi thiên nhiên trên Trái Đất ở quy mô lớn chưa từng có.",191,page_191_01,easy,remember
"Theo đoạn văn, tại sao nguồn tài nguyên thiên nhiên phân bố không đều trên Trái Đất?",Vì các quốc gia và khu vực có nhiều tài nguyên thiên nhiên.,Vì sự phát triển của khoa học công nghệ.,Thiên nhiên tự nhiên phân bố không đều.,Do con người đã khai thác nhiều hơn ở một số nơi.,C,Trên cùng một lãnh thổ có thể tồn tại nhiều loại tài nguyên thiên nhiên.,Trên cùng một lãnh thổ có thể tồn tại nhiều loại tài nguyên thiên nhiên.,191,page_191_01,easy,remember
"Theo đoạn văn, tác động tiêu cực của con người đối với thiên nhiên là?",Sử dụng guồng nước,Khai thác khoáng sản,Xây dựng đê biển,Chống ngập lụt,B,Đoạn văn đề cập đến việc công nghiệp phát triển đã thúc đẩy khai thác khoáng sản ngày càng nhiều làm cho nguồn tài nguyên khoáng sản bị cạn kiệt dần và khó khôi phục trở lại.,Công nghiệp phát triển đã thúc đẩy khai thác khoáng sản ngày càng nhiều làm cho nguồn tài nguyên khoáng sản bị cạn kiệt dần và khó khôi phục trở lại.,192,page_192_01,medium,understand
"Theo đoạn văn, tác động tích cực của con người đối với thiên nhiên là?",Sử dụng guồng nước,Chống ngập lụt,Xây dựng đê biển,Khai thác khoáng sản,C,Đoạn văn đề cập đến việc xây dựng đê Ap-xlui-dic được xây dựng như một chiếc thước kẻ thẳng trên mặt biển giúp cho đất nước Hà Lan có thêm 1 650 km² để phát triển các làng mạc và đô thị.,Hình 25.4. Đê Ap-xlui-dic được xây dựng như một chiếc thước kẻ thẳng trên mặt biển giúp cho đất nước Hà Lan có thêm 1 650 km² để phát triển các làng mạc và đô thị,192,page_192_01,medium,understand
"Theo đoạn văn, con người đã tác động lên thiên nhiên làm nhiều nguồn tài nguyên đang bị suy giảm. Ví dụ cụ thể về điều này là?",Xây dựng đê biển,Chống ngập lụt,Khai thác khoáng sản,Sử dụng guồng nước,C,Đoạn văn đề cập đến việc công nghiệp phát triển đã thúc đẩy khai thác khoáng sản ngày càng nhiều làm cho nguồn tài nguyên khoáng sản bị cạn kiệt dần và khó khôi phục trở lại.,Công nghiệp phát triển đã thúc đẩy khai thác khoáng sản ngày càng nhiều làm cho nguồn tài nguyên khoáng sản bị cạn kiệt dần và khó khôi phục trở lại.,192,page_192_01,easy,remember
"Theo đoạn văn, con người đã sử dụng các nguồn năng lượng mới như thế nào?",Sử dụng guồng nước,"Khai thác năng lượng từ gió, sóng biển, Mặt Trời, thuỷ triều hay sự di chuyển của dòng biển",Xây dựng đê biển,Khai thác khoáng sản,B,"Đoạn văn đề cập đến việc con người vận dụng các quy luật của thiên nhiên để khai thác thông minh và chế ngự thiên nhiên, tạo ra nhiều của cải vật chất nhằm nâng cao chất lượng cuộc sống như: hạn chế sử dụng nhiên liệu hóa thạch; khai thác nguồn năng lượng từ gió, sóng biển, Mặt Trời, thuỷ triều hay sự di chuyển của dòng biển,...","Con người càng biết vận dụng các quy luật của thiên nhiên để khai thác thông minh và chế ngự thiên nhiên, tạo ra nhiều của cải vật chất nhằm nâng cao chất lượng cuộc sống như: hạn chế sử dụng nhiên liệu hóa thạch; khai thác nguồn năng lượng từ gió, sóng biển, Mặt Trời, thuỷ triều hay sự di chuyển của dòng biển,...",192,page_192_01,hard,apply
"Trong quá trình thực hành, học sinh sẽ thu thập thông tin từ nguồn nào?",Tài liệu sách giáo khoa,Website giáo dục,"Tranh ảnh, video clip",Báo cáo chính phủ,C,"Học sinh sẽ thu thập tranh ảnh, video clip để làm minh chứng cho tác động của hoạt động sản xuất lên môi trường.","các nhóm tiến hành thu thập, sưu tầm tranh ảnh, số liệu, video clip,... để làm minh chứng cho những tác động tích cực và tiêu cực của hoạt động sản xuất ở địa phương lên môi trường tự nhiên.",193,page_193_01,easy,remember
Thuật ngữ 'Bắc thuộc' trong lịch sử Việt Nam được giải thích như thế nào?,"Tên gọi các làng xã thời Văn Lang, Âu Lạc",Tên đơn vị hành chính do nhà Đường đặt ra,Thời kì nước ta bị các triều đại phong kiến phương Bắc đô hộ kéo dài hơn một nghìn năm (từ năm 179 TCN đến năm 938),"Đơn vị hành chính nước ta thời Văn Lang, Âu Lạc",C,Thời kì nước ta bị các triều đại phong kiến phương Bắc đô hộ kéo dài hơn một nghìn năm (từ năm 179 TCN đến năm 938) được giải thích trong phần 'Thuật ngữ' của Bảng.,Bắc thuộc: thời kì nước ta bị các triều đại phong kiến phương Bắc đô hộ kéo dài hơn một nghìn năm (từ năm 179 TCN đến năm 938).,194,page_194_01,easy,remember
Bộ lạc trong thời kỳ công xã nguyên thuỷ gồm những thành viên nào?,"Những người cùng dòng máu, sống trên một vùng đất",Giai cấp thống trị trong xã hội chiếm hữu nô lệ,Nơi có dấu vết cư trú và sinh sống của người xưa,"Người có uy tín, đứng đầu các chiềng, chạ",A,"Bộ lạc gồm những thành viên cùng dòng máu, sống trên một vùng đất, có ngôn ngữ chung, có một số tài sản chung, có tên gọi riêng được giải thích trong phần 'Thuật ngữ' của Bảng.","Bộ: đơn vị hành chính nước ta thời Văn Lang, Âu Lạc. Bộ lạc: tổ chức xã hội trong thời kì công xã nguyên thuỷ, gồm những thành viên cùng dòng máu, sống trên một vùng đất, có ngôn ngữ chung, có một số tài sản chung, có tên gọi riêng.",194,page_194_01,medium,remember
"Thuật ngữ 'Bồ chính' hay 'Già làng' trong thời kỳ Văn Lang, Âu Lạc được giải thích như thế nào?",Nơi có dấu vết cư trú và sinh sống của người xưa,"Đơn vị hành chính nước ta thời Văn Lang, Âu Lạc","Tên gọi các làng xã thời Văn Lang, Âu Lạc","Người có uy tín, đứng đầu các chiềng, chạ",D,"Bồ chính hay Già làng được giải thích là người có uy tín, đứng đầu các chiềng, chạ thời Văn Lang, Âu Lạc.","Bồ chính (hay Già làng): người có uy tín, đứng đầu các chiềng, chạ thời Văn Lang, Âu Lạc.",194,page_194_01,easy,remember
Địa chủ là ai trong hệ thống kinh tế phong kiến?,Người bóc lột nông dân,Người đứng đầu quân đội,Người chiếm hữu ruộng đất lớn,Người làm việc trên ruộng đất,C,"Địa chủ là người chiếm hữu ruộng đất lớn, sống bằng phát canh thu tô.","Địa chủ: người chiếm hữu ruộng đất lớn, sống bằng phát canh thu tô, bóc lột nông dân dưới chế độ phong kiến, thực dân.",194,page_194_02,easy,remember
Nông dân sống dưới chế độ phong kiến bị ai bóc lột?,Địa chủ,Lực lượng thống trị nước ngoài,Vua hoặc hoàng đế,Quân đội,A,Nông dân bị địa chủ bóc lột dưới chế độ phong kiến.,"Địa chủ: người chiếm hữu ruộng đất lớn, sống bằng phát canh thu tô, bóc lột nông dân dưới chế độ phong kiến, thực dân.",194,page_194_02,easy,remember
"Trong thời phong kiến, người có quyền lực lớn nhất trong một địa phương ở nông thôn được gọi là gì?",Nông dân,Hào trưởng,Lạc hầu,Pha-ra-ông,B,"Trong thời phong kiến, Hào trưởng có quyền lực lớn nhất trong một địa phương ở nông thôn.",Hào trưởng: người có quyền lực lớn nhất trong một địa phương ở nông thôn thời phong kiến.,195,page_195_01,easy,remember
Nô lệ là những người thuộc giai cấp nào dưới chế độ chiếm hữu nô lệ?,Quý tộc,Chủ nô,Giai cấp bị trị,Lạc dân,C,Nô lệ là những người thuộc giai cấp bị trị dưới chế độ chiếm hữu nô lệ.,"Nô lệ: những người thuộc giai cấp bị trị dưới chế độ chiếm hữu nô lệ, vật sở hữu của chủ nô.",195,page_195_01,medium,understand
Kháng chiến là hình thức nào trong các cuộc đấu tranh chống lại quân xâm lược?,Cách mạng,Đấu tranh chính trị,Lạc tướng,Chiến đấu chống quân xâm lược,D,Kháng chiến là hình thức chiến đấu chống lại quân xâm lược.,Kháng chiến: chiến đấu chống quân xâm lược.,195,page_195_01,easy,remember
"Theo thông tin trong bảng, biển là gì?",Tràng lưu chất nóng chảy,Vùng nước mặn thuộc đại dương,Đá vôi bị hoà tan bởi nước,Một vùng nước ngọt,B,"Biển là một vùng nước mặn, thường là bộ phận của một đại dương.","Biển là một vùng nước mặn, thường là bộ phận của một đại dương. Biển có thể bị bao bọc bởi đất liền ở các mức độ khác nhau. Vì thế, các hồ nước mặn lớn trên thế giới cũng gọi là biển.",196,page_196_01,easy,remember
Thuật ngữ nào trong bảng được định nghĩa như quá trình và hiện tượng xảy ra trong đá bị hoà tan bởi nước tự nhiên?,Dung nham,Đá mẹ,Cac-xơ,Biển,C,Cac-xơ là các hiện tượng và quá trình xảy ra trong các loại đá bị hoà tan bởi nước tự nhiên như đá vôi và một số loại đá dễ hoà tan khác.,"Cac-xơ (tiếng Đức: Karst, theo tên cao nguyên Karst ở nước Xlo-ven-ni-a) là các hiện tượng và quá trình xảy ra trong các loại đá bị hoà tan bởi nước tự nhiên như đá vôi và một số loại đá dễ hoà tan khác.",196,page_196_01,medium,remember
Độ phì của đất liên quan đến khả năng cung cấp gì cho thực vật?,Thân cây,Ánh sáng,Nước và chất dinh dưỡng,Khí O2,C,"Độ phì của đất là khả năng cung cấp cho thực vật nước, chất dinh dưỡng và các yếu tố khác để sinh trưởng và phát triển.","Độ phì của đất là khả năng cung cấp cho thực vật nước, chất dinh dưỡng và các yếu tố khác để sinh trưởng và phát triển.",196,page_196_01,easy,remember
Gió nào trong bảng thổi từ cực về đai áp thấp ở khoảng vĩ độ 60°?,Giờ địa phương,Gió Tín phong,Gió Tây ôn đới,Gió Đông cực,D,Gió Đông cực là loại gió thổi từ cực về đai áp thấp ở khoảng vĩ độ 60°.,Gió Đông cực là loại gió thổi từ cực về đai áp thấp ở khoảng vĩ độ 60°.,196,page_196_01,hard,remember
Kinh tuyến gốc được xác định từ đâu?,Từ kinh tuyến 180°,Từ kinh tuyến -90°,Từ kinh tuyến 90°,Từ kinh tuyến 0°,D,"Kinh tuyến gốc là kinh tuyến 0°, từ đó xác định được kinh độ của các kinh tuyến khác.","Kinh tuyến gốc là kinh tuyến 0°, từ đó xác định được kinh độ của các kinh tuyến khác.",197,page_197_01,easy,remember
Khối khí bao phủ những vùng đất đai nào?,Vùng đất đai thấp,Vùng đất đai thấp và cao,"Tương đối đồng nhất về nhiệt độ, độ ẩm",Vùng đất đai cao,C,"Khối khí là một bộ phận không khí trong khí quyển, bao phủ những vùng đất đai rộng lớn, tương đối đồng nhất về nhiệt độ, độ ẩm.","Khối khí là một bộ phận không khí trong khí quyển, bao phủ những vùng đất đai rộng lớn, tương đối đồng nhất về nhiệt độ, độ ẩm.",197,page_197_01,easy,remember
Phép chiếu bản đồ là gì?,Thông tin không gian về thế giới,Hình vẽ dọc theo một tuyến cắt,Quá trình chuyển biến nước từ hơi sang lỏng,Phép biến đổi có hệ thống để chuyển lưới kinh vĩ lên mặt phẳng bản đồ,D,Phép chiếu bản đồ là phép biến đổi có hệ thống để chuyển lưới kinh vĩ tuyến trên bề mặt Địa Cầu lên mặt phẳng bản đồ.,Phép chiếu bản đồ là phép biến đổi có hệ thống để chuyển lưới kinh vĩ tuyến trên bề mặt Địa Cầu lên mặt phẳng bản đồ.,197,page_197_01,medium,remember
Quặng kim loại nào chứa nhiều kim loại khác nhau?,Quặng đồng - vàng,Quặng chì - kẽm,Quặng kim loại màu,Quặng kim loại đen,A,"Quặng chứa nhiều kim loại khác nhau gọi là quặng đa kim, ví dụ như: quặng đồng - vàng.","Quặng chứa nhiều kim loại khác nhau gọi là quặng đa kim, ví dụ như: quặng đồng - vàng.",197,page_197_01,hard,apply
Quặng nào dưới đây không phải là quặng đa kim?,Quặng chì - kẽm,Quặng đồng - vàng,Quặng kim loại phóng xạ,Quặng sắt - crôm,C,"Trong CONTEXT, quặng đa kim được mô tả là 'quặng chứa nhiều kim loại khác nhau', ví dụ như: quặng đồng - vàng, quặng chì - kẽm. Quặng kim loại phóng xạ không phải là một ví dụ về quặng đa kim.","Quặng chứa nhiều kim loại khác nhau gọi là quặng đa kim, ví dụ như: quặng đồng - vàng, quặng chì - kẽm,...",197,page_197_02,easy,remember
Thung lũng hình thành do hoạt động của?,Gió,Nước chảy,Sóng biển,Băng hà,B,"Trong CONTEXT, thung lũng được mô tả là 'thường trải dài theo đường, có độ nghiêng chung từ đỉnh thung lũng về phía đáy thung lũng. Thung lũng hình thành do hoạt động rửa trôi của nước chảy.'",Thung lũng hình thành do hoạt động rửa trôi của nước chảy.,197,page_197_02,medium,remember
Vị trí xác định bởi vĩ tuyến 0° là?,Cực Bắc,Xích đạo,Địa cực,Cực Nam,B,"Trong CONTEXT, Xích đạo được mô tả là 'vĩ tuyến 0°, từ đó xác định được vĩ độ của các vĩ tuyến khác.'","Xích đạo là vĩ tuyến 0°, từ đó xác định được vĩ độ của các vĩ tuyến khác.",197,page_197_02,easy,remember
Tên tiếng Việt của nhà thơ Iliad trong bảng dữ liệu là?,Hê-rô-đốt,Ha-ráp-pa,Hê-ra-clít,I-li-át,D,Tên tiếng Việt của Iliad được ghi là 'I-li-át'.,<tr><td>I-li-át</td><td>Iliad</td><td>46</td></tr>,198,page_198_02,easy,remember
Thành phố nào trong bảng có thứ tự xuất hiện cao nhất?,Papyrus,Paris,Peloponnese,Palembang,D,"Palembang có số thứ tự 54, là số lớn nhất trong bảng.",<tr><td>Palembang</td><td>Palembang</td><td>54</td></tr>,199,page_199_02,medium,remember
"Trong bảng, vị trí nào có số tuổi là 43?",Vác-na,Y-äng-gun,Xi-xin,Xác-de-nho,D,"Trong bảng, Xác-de-nho (Sardegna) có số tuổi là 43.",Xác-de-nho</td><td>Sardegna</td><td>43</td></tr>,200,page_200_02,easy,remember
Nhân vật nào có số tuổi là 55?,Xpác-ta,Y-äng-gun,Xi-xin,Vác-na,B,"Trong bảng, Y-äng-gun (Yangon) có số tuổi là 55.",Y-äng-gun</td><td>Yangon</td><td>55</td></tr>,200,page_200_02,easy,remember
"Trong bảng, vị trí nào có tên là 'Spartacus'?",Xpác-ta,Xi-xê-rô,Vit-nu,Xpác-ta-cút,D,"Trong bảng, Xpác-ta-cút (Spartacus) có tên được ghi là 'Spartacus'.",Xpác-ta-cút</td><td>Spartacus</td><td>45</td></tr>,200,page_200_02,easy,remember
Nước nào nằm ở Châu Đại Dương?,Đan Mạch,Gioóc-dan,Australia,Chi-lê,C,Australia là tên gọi khác của Châu Đại Dương.,<td>Châu Đại Dương</td><td>Australia</td><td>185</td>,201,page_201_02,easy,remember
Nước nào nằm ở Châu Mỹ?,Chi-lê,Australia,Gioóc-dan,Đan Mạch,A,Chi-lê là một quốc gia nằm ở Châu Mỹ.,<tr><td>Chi-lê</td><td>Chile</td><td>157</td></tr>,201,page_201_02,medium,remember
Nước nào có tên gọi khác là Chomolungma?,Fu-ku-si-ma,Đan Mạch,Ê-vơ-ret/ Chô-mô-lung-ma,Gioóc-dan,C,Ê-vơ-ret/ Chô-mô-lung-ma là tên gọi khác của đỉnh núi Chomolungma.,<tr><td>Ê-vơ-ret/ Chô-mô-lung-ma</td><td>Everest/ Chomolungma</td><td>143</td></tr>,201,page_201_02,hard,remember
Đâu là quốc gia có tên tiếng Pháp được liệt kê trong bảng?,Slovenia,Trung Quốc,Pháp,Singapore,C,Pháp (France) là quốc gia có tên tiếng Pháp được liệt kê trong bảng.,"Pháp</td><td>France</td><td>126, 161</td></tr>",202,page_202_02,easy,remember
Thành phố nào nằm ở Nhật Bản?,Tokyo,Palermo,Paris,Shanghai,A,Tokyo là thành phố nằm ở Nhật Bản.,"Tô-ky-ô</td><td>Tokyo</td><td>125, 187</td></tr>",202,page_202_02,easy,remember
Nước nào nằm ở châu Phi?,Thụy Điển,Trung Quốc,Central Africa,Spain,C,Central Africa (Trung Phi) là nước nằm ở châu Phi.,Trung Phi</td><td>Central Africa</td><td>178</td></tr>,202,page_202_02,medium,remember
Bài nào trong sách đề cập đến nguồn gốc loài người?,Bài 7,Bài 5,Bài 3,Bài 1,C,Bài 3. Nguồn gốc loài người là bài học đầu tiên trong chương về thời nguyên thủy.,Bài 3. Nguồn gốc loài người,203,page_203_01,easy,remember
Chương nào của sách đề cập đến các vương quốc ở Đông Nam Á từ những thế kỉ tiếp giáp Công nguyên đến thế kỉ X?,Chương 5,Chương 4,Chương 1,Chương 6,B,Bài 10. Sự ra đời và phát triển của các vương quốc ở Đông Nam Á nằm trong Chương 4.,Bài 10. Sự ra đời và phát triển của các vương quốc ở Đông Nam Á (từ những thế kỉ tiếp giáp Công nguyên đến thế kỉ X),203,page_203_01,medium,remember
Chương nào của sách tập trung vào các cuộc khởi nghĩa chống lại chính sách cai trị của triều đại phong kiến phương Bắc?,Chương 5,Chương 6,Chương 3,Chương 14,B,"Bài 15. Các cuộc khởi nghĩa tiêu biểu giành độc lập, tự chủ (từ đầu Công nguyên đến trước thế kỉ X) nằm trong Chương 6.","Bài 15. Các cuộc khởi nghĩa tiêu biểu giành độc lập, tự chủ (từ đầu Công nguyên đến trước thế kỉ X)",203,page_203_01,hard,remember
Bài học nào nằm ở trang số 82 trong sách giáo trình?,Cuộc đấu tranh giữ gìn và phát triển văn hoá dân tộc thời Bắc thuộc,Bước ngoặt lịch sử đầu thế kỉ X,Nâng cao nhận thức về lịch sử Bắc thuộc,"Các cuộc khởi nghĩa giành độc lập, tự chủ từ đầu Công nguyên đến trước thế kỉ X",A,"Trong CONTEXT, Bài 16 có trang số là 82.",Bài 16. Cuộc đấu tranh giữ gìn và phát triển văn hoá dân tộc thời Bắc thuộc</td><td>82</td></tr>,203,page_203_02,easy,remember
Nội dung nào dưới đây không nằm trong phần Lịch sử?,Cuộc đấu tranh giữ gìn và phát triển văn hoá dân tộc thời Bắc thuộc,Bài mở đầu. Tại sao cần học Địa lí,Chương 7. Vương quốc Champa và Vương quốc Phù Nam,Vương quốc Champa,B,"Trong CONTEXT, phần Lịch sử không có đề cập đến Bài mở đầu. Tại sao cần học Địa lí.",Bài mở đầu. Tại sao cần học Địa lí?</td><td>100</td></tr>,203,page_203_02,hard,analyze
Bài nào trong chương trình đề cập đến cách xác định phương hướng ngoài thực địa?,Bài 13,Bài 8,Bài 10,Bài 2,B,Bài 8 đề cập đến việc xác định phương hướng ngoài thực địa.,Bài 8. Xác định phương hướng ngoài thực địa,204,page_204_01,easy,remember
Chương nào trong sách học tập về cấu tạo của Trái Đất và các hiện tượng liên quan?,Chương 3,Chương 2,Chương 5,Chương 4,A,Chương 3 đề cập đến cấu tạo của Trái Đất và vô Trái Đất.,Chương 3. Cấu tạo của Trái Đất. Vô Trái Đất,204,page_204_01,medium,remember
Bài nào trong chương trình học tập về chuyển động tự quay quanh trục của Trái Đ đất?,Bài 8,Bài 5,Bài 6,Bài 7,C,Bài 6 đề cập đến chuyển động tự quay quanh trục của Trái Đất và hệ quả địa lí.,Bài 6. Chuyển động tự quay quanh trục của Trái Đất và các hệ quả địa lí,204,page_204_01,easy,remember
"Trong bài học về Tuần hoàn nước trên Trái Đất, học sinh sẽ tìm hiểu về:",Biển và Đại dương,Các thành phần chủ yếu của thuỷ quyển,Rừng nhiệt đới,Sông và Nước ngầm,B,Học sinh sẽ tìm hiểu về các thành phần chủ yếu của thuỷ quyển trong bài học Tuần hoàn nước trên Trái Đất.,Bài 17. Các thành phần chủ yếu của thuỷ quyển. Tuần hoàn nước trên Trái Đất,204,page_204_02,easy,remember
Nước ngầm và băng hà được đề cập trong bài học nào?,Bài 18,Bài 20,Bài 25,Bài 17,A,Nước ngầm và băng hà được đề cập trong Bài 18 - Sông. Nước ngầm và băng hà.,Bài 18. Sông. Nước ngầm và băng hà,204,page_204_02,easy,remember
"Trong chương về Con người và thiên nhiên, học sinh sẽ tìm hiểu về:",Tác động của con người lên môi trường tự nhiên,Dân số thế giới,Thực hành: Tìm hiểu lớp phù thực vật,Sự phân bố dân cư thế giới,A,Học sinh sẽ tìm hiểu về tác động của con người lên môi trường tự nhiên trong sản xuất.,Bài 26. Thực hành: Tìm hiểu tác động của con người lên môi trường tự nhiên trong sản xuất,204,page_204_02,medium,apply
Chương nào đề cập đến sự đa dạng của thế giới sinh vật?,Chương 5,Chương 6,Chương 21,Chương 7,D,Sự đa dạng của thế giới sinh vật được đề cập trong Bài 22 - Sự đa dạng của thế giới sinh vật. Các đới thiên nhiên trên Trái Đất. Rừng nhiệt đới.,Bài 22. Sự đa dạng của thế giới sinh vật. Các đới thiên nhiên trên Trái Đất. Rừng nhiệt đới,204,page_204_02,hard,analyze
Tổng biên tập chịu trách nhiệm nội dung của cuốn sách này?,ĐỖ VIỆT HÙNG,NGUYỄN BÁ CƯỜNG,NGƯT NGÔ TRẦN ÁI,NGUYỄN VIỆT THỊNH,A,"Trong văn bản, có ghi rõ 'Chịu trách nhiệm nội dung: Tổng biên tập: ĐỖ VIỆT HÙNG'.",Chịu trách nhiệm nội dung: Tổng biên tập: ĐỖ VIỆT HÙNG,205,page_205_01,easy,remember
Ai là người chịu trách nhiệm xuất bản?,NGƯT NGÔ TRẦN ÁI,ĐỖ VIỆT HÙNG,NGUYỄN VIỆT THỊNH,NGUYỄN BÁ CƯỜNG,D,"Trong văn bản, có ghi rõ 'Chịu trách nhiệm xuất bản: Giám đốc: NGUYỄN BÁ CƯỜNG'.",Chịu trách nhiệm xuất bản: Giám đốc: NGUYỄN BÁ CƯỜNG,205,page_205_01,easy,remember
Trình bày bìa sách được thực hiện bởi ai?,LƯƠNG QUỐC HIỆP,NGUYỄN NGỌC NAM,TRẦN TIÊU LÂM,LÊ XUÂN THỊNH,C,"Trong văn bản, có ghi rõ 'Trình bày bìa: TRẦN TIÊU LÂM'.",Trình bày bìa: TRẦN TIÊU LÂM,205,page_205_01,easy,remember
